Time,Arrival Rate,Transient Response Time Mean,Transient Response Time CI95
0.0,1,0.0,0.0
100.0,1,0.2145566899537461,0.0220095166126696
200.0,1,0.2232054299629603,0.0190875014446242
300.0,1,0.2245846126784924,0.0189350911721613
400.0,1,0.2261549482677728,0.0147391004286026
500.0,1,0.2252515754635962,0.0120570291951636
600.0,1,0.2236089632612856,0.0106790175717858
700.0,1,0.2245077705521494,0.0097693535795708
800.0,1,0.2217335242738985,0.0084134113492664
900.0,1,0.2241583979009387,0.0080636071451448
1000.0,1,0.2237277647685406,0.0073498390390821
1100.0,1,0.2237071150043091,0.0068957799562877
1200.0,1,0.2248705908635658,0.0064234975962349
1300.0,1,0.2240821411541344,0.0064911028121533
1400.0,1,0.223200665338505,0.0062841240273018
1500.0,1,0.2240175808141955,0.0061704338318943
1600.0,1,0.2235188597574798,0.0059036568280064
1700.0,1,0.2224480657545863,0.0058766086198493
1800.0,1,0.2223869497885073,0.0056360202453353
1900.0,1,0.2213838648058837,0.0054968171215132
2000.0,1,0.221057180251926,0.0054791606188247
2100.0,1,0.2211051562638639,0.0053962908800855
2200.0,1,0.220585610308003,0.0053847682248299
2300.0,1,0.2205283792210446,0.0052757547078444
2400.0,1,0.2203701110797009,0.0052272166357842
2500.0,1,0.2205811413627387,0.0054476334398852
2600.0,1,0.219929026701146,0.0053150666694241
2700.0,1,0.2209067079817455,0.0053015649493019
2800.0,1,0.2208698154653224,0.0051296512812148
2900.0,1,0.2208819326192644,0.0050825751858508
3000.0,1,0.2209575830452947,0.0049817430461507
3100.0,1,0.2211082186508015,0.0049298816966637
3200.0,1,0.2209314916284701,0.0048603437993144
3300.0,1,0.2207663034914084,0.004820060547497
3400.0,1,0.2204973652683252,0.0048256479498102
3500.0,1,0.2207726847684212,0.0046864681782401
3600.0,1,0.2207487727178815,0.0045812448350121
3700.0,1,0.2204649282192002,0.0044302382518226
3800.0,1,0.2200117795721425,0.0043375272770952
3900.0,1,0.220222742527125,0.0042652620498725
4000.0,1,0.2201245117783539,0.0041398019815612
4100.0,1,0.2202005875515955,0.0041551705960246
4200.0,1,0.2198820355682621,0.004137987281114
4300.0,1,0.2201481342294019,0.0040969106335888
4400.0,1,0.2196044027046165,0.0039991490470441
4500.0,1,0.2199558175086552,0.0039606634190008
4600.0,1,0.220442161951668,0.0039044763988365
4700.0,1,0.2204565037640091,0.0037944665415922
4800.0,1,0.219843918082678,0.00372220319046
4900.0,1,0.2197788628648574,0.0037206836654907
5000.0,1,0.2201525238979099,0.0037815254854897
0.0,2,0.0,0.0
100.0,2,0.3026883857414081,0.0312373398242546
200.0,2,0.3176353680556256,0.0285658392889632
300.0,2,0.3174594408753584,0.0225129413196655
400.0,2,0.3104177699736715,0.0176113341597445
500.0,2,0.3139446348522849,0.0155631888889337
600.0,2,0.3110515407566712,0.0137101498134092
700.0,2,0.3118857272387189,0.0129667347068689
800.0,2,0.3153192180714906,0.0117919283648506
900.0,2,0.3136380346743135,0.0105479981440631
1000.0,2,0.3129397796840027,0.010341528570973
1100.0,2,0.3124910452512823,0.0101203992038316
1200.0,2,0.3132749178466447,0.0099499888741421
1300.0,2,0.314510710897475,0.011152048166036
1400.0,2,0.315125647564756,0.0106884989576739
1500.0,2,0.3135269364126365,0.0099596945862782
1600.0,2,0.3136323862730268,0.0099956597940464
1700.0,2,0.3150497186078891,0.0100094215493187
1800.0,2,0.3157219367563397,0.009371117730296
1900.0,2,0.3155509914895705,0.0089541928475527
2000.0,2,0.3165520270371276,0.0085380848547002
2100.0,2,0.3152360172386514,0.0083745630172989
2200.0,2,0.3141209815616427,0.0081078180439414
2300.0,2,0.3149468557979278,0.0081389896774455
2400.0,2,0.3155398914583807,0.0080057378289611
2500.0,2,0.3163653952170604,0.0079165732074507
2600.0,2,0.3156191106267805,0.0078210338215254
2700.0,2,0.3163423907575147,0.0076417133316797
2800.0,2,0.3159755204521336,0.0073197414627124
2900.0,2,0.3172329210073017,0.0073856960750677
3000.0,2,0.3171173732391975,0.0071356467024795
3100.0,2,0.3166730210664293,0.0069440318234549
3200.0,2,0.3163124799588452,0.006632839030952
3300.0,2,0.3165837142558612,0.0065302835169593
3400.0,2,0.3159964141331123,0.0062781690294846
3500.0,2,0.3158980871369714,0.0061666297648465
3600.0,2,0.3159423068751665,0.006193599311412
3700.0,2,0.3160366930582785,0.0058861404452479
3800.0,2,0.3154015448769925,0.005821054130244
3900.0,2,0.315185328878727,0.0055615618959824
4000.0,2,0.3162182910539751,0.0057043661337097
4100.0,2,0.3159371605821128,0.0057094132749669
4200.0,2,0.3157452803441283,0.0057289420115098
4300.0,2,0.3156364864349131,0.0056111396295658
4400.0,2,0.3154089153984811,0.0056527639525204
4500.0,2,0.3158717523884375,0.0056207022137068
4600.0,2,0.3159755720697458,0.0055845230396924
4700.0,2,0.3159826131798265,0.0054378177419449
4800.0,2,0.3168084601789303,0.0054096886396707
4900.0,2,0.3168936973019584,0.0053360320891781
5000.0,2,0.3182414901949833,0.0056599200018428
0.0,3,0.0,0.0
100.0,3,0.4590734048396641,0.0471425061177285
200.0,3,0.4845796331428477,0.0334080097601035
300.0,3,0.4784699882663331,0.0266578062340453
400.0,3,0.4749584472986343,0.0223539550203203
500.0,3,0.476674627380572,0.02313943799895
600.0,3,0.4714958220307077,0.0207085275688017
700.0,3,0.4749707091173747,0.0194995403765526
800.0,3,0.4830621231890135,0.0219323385136471
900.0,3,0.4837212023594558,0.0225499550437843
1000.0,3,0.4843898182934973,0.0217922875128947
1100.0,3,0.4830607581906308,0.0215726335068575
1200.0,3,0.4822368320443613,0.0206903142669868
1300.0,3,0.4829954014967413,0.0190641095945915
1400.0,3,0.4813341930409882,0.0179099267972336
1500.0,3,0.480320158780756,0.0169720758462219
1600.0,3,0.4824329970168651,0.0167385294251769
1700.0,3,0.4847311299578059,0.0160232951906617
1800.0,3,0.4829481431398734,0.015439715315583
1900.0,3,0.4856442290057284,0.015633539681455
2000.0,3,0.4885571605186424,0.0173105677448979
2100.0,3,0.4900866705658308,0.0167488913646756
2200.0,3,0.4909680241105101,0.0162869698759038
2300.0,3,0.4915717990967352,0.0156709067410375
2400.0,3,0.4899644304148379,0.015444302455505
2500.0,3,0.4914019723538756,0.0159631545407385
2600.0,3,0.4904490322696053,0.0155741173324842
2700.0,3,0.489922872385066,0.0154565788029017
2800.0,3,0.4893958647687498,0.0153258262059524
2900.0,3,0.489140062924753,0.0145143774492429
3000.0,3,0.4903095433687186,0.0142456817682059
3100.0,3,0.4900591396507047,0.0141133316362566
3200.0,3,0.4892963747317121,0.0138282944921102
3300.0,3,0.4891532910230006,0.0134264071794928
3400.0,3,0.4887439374370237,0.013205116824668
3500.0,3,0.4899953573590053,0.0129551995212718
3600.0,3,0.4894855993167799,0.0126876529544425
3700.0,3,0.4896572187170925,0.0124560769289714
3800.0,3,0.4902521917993537,0.0120324533798518
3900.0,3,0.4900677807200126,0.0118182663584847
4000.0,3,0.4896674307702804,0.0114252090173884
4100.0,3,0.4879933281640199,0.0111956580914901
4200.0,3,0.4886400663111877,0.0111366459229911
4300.0,3,0.487953245420973,0.0108023869650896
4400.0,3,0.4882212150715477,0.0107517848887159
4500.0,3,0.4885081305281065,0.010702526212404
4600.0,3,0.4883326895596269,0.0107219454722237
4700.0,3,0.4882429907289296,0.0104469137016754
4800.0,3,0.4885129000127726,0.0104202062791407
4900.0,3,0.4888392023730316,0.0102992051597653
5000.0,3,0.487209867097879,0.0105600825140835
0.0,4,0.0,0.0
100.0,4,0.7160265979072922,0.0841838008487643
200.0,4,0.773122800029185,0.0788876469407083
300.0,4,0.781363698376698,0.0635833441083721
400.0,4,0.7899996429246676,0.0552409030401887
500.0,4,0.7917726620759602,0.0483734200076458
600.0,4,0.8010515829495997,0.0514381356719285
700.0,4,0.8111359759808326,0.057262403993911
800.0,4,0.8119405359321521,0.0560284661956375
900.0,4,0.8091339897971359,0.0528814188655949
1000.0,4,0.8098427794863781,0.0485394566554321
1100.0,4,0.808891554692878,0.0458707030243663
1200.0,4,0.8075821035524477,0.0431456984511645
1300.0,4,0.8103416252992344,0.0410869910908337
1400.0,4,0.8128406514343676,0.0403437844288635
1500.0,4,0.8180284007080897,0.0400027507342679
1600.0,4,0.8172762210916122,0.0376591808284854
1700.0,4,0.8203626109923238,0.0370173689167246
1800.0,4,0.8191025285395395,0.0355004060417511
1900.0,4,0.8170816305012513,0.0336388961434586
2000.0,4,0.8139220925074336,0.0317119250686041
2100.0,4,0.8138164640490125,0.0310306421600708
2200.0,4,0.8156480882118091,0.0295130307198896
2300.0,4,0.8171622290798592,0.0287171898489324
2400.0,4,0.817531342045077,0.028069336623357
2500.0,4,0.8158366180714214,0.0270632307256734
2600.0,4,0.8169461356243211,0.0261218897581481
2700.0,4,0.8188927814742626,0.025943965217424
2800.0,4,0.8182238807625243,0.0253611387595331
2900.0,4,0.8177868268564886,0.0248411614558339
3000.0,4,0.8164940842458073,0.0238915296816763
3100.0,4,0.8144713526610912,0.0231053619938073
3200.0,4,0.8112548476178346,0.0222332615888424
3300.0,4,0.8114893785397579,0.021523258680414
3400.0,4,0.8145695352792256,0.0214025030304107
3500.0,4,0.8149152129622681,0.0214898630732149
3600.0,4,0.8168371039628509,0.0216446218741311
3700.0,4,0.8189872380060668,0.0221354119340219
3800.0,4,0.8189418348872329,0.0224586190094214
3900.0,4,0.8184962632209556,0.022030057600212
4000.0,4,0.8213757962735375,0.0215176022387567
4100.0,4,0.8230966212069832,0.0216644581086908
4200.0,4,0.8243986936886945,0.0214170774625316
4300.0,4,0.8239743067937018,0.0211732828726558
4400.0,4,0.8248826464920116,0.0210343341761273
4500.0,4,0.8255262049976247,0.0206646721959615
4600.0,4,0.8265373958879448,0.0206002310006468
4700.0,4,0.8275746740605788,0.0204965273839423
4800.0,4,0.8278211348288325,0.0201193034323115
4900.0,4,0.8298699282613344,0.0193307161991958
5000.0,4,0.8353499252787356,0.0201240225248936
0.0,5,0.0,0.0
100.0,5,1.1353941528043212,0.1364939745058436
200.0,5,1.3628444622737206,0.1518967400839698
300.0,5,1.4405073282234993,0.1551684848924915
400.0,5,1.4797836388241503,0.1403439267408928
500.0,5,1.5054037050903573,0.1316382479119358
600.0,5,1.5152703125703304,0.1247003565784336
700.0,5,1.526887478983176,0.1238916946282921
800.0,5,1.5621721268000823,0.1255997746040109
900.0,5,1.5774493782167591,0.1271602559696603
1000.0,5,1.6030824581626226,0.1289569676475848
1100.0,5,1.6128560585146698,0.1216380929703376
1200.0,5,1.6156354723325674,0.1169219841821531
1300.0,5,1.6263198582070797,0.1167006902069015
1400.0,5,1.643558428179381,0.1164580141175624
1500.0,5,1.6494462534111969,0.1161004820085705
1600.0,5,1.643257776489942,0.111521822604105
1700.0,5,1.637502904633418,0.1067638463029106
1800.0,5,1.6362577551350368,0.1027123598788634
1900.0,5,1.6339470478253078,0.0988778182478552
2000.0,5,1.6242928169702466,0.0944364984466894
2100.0,5,1.6147071687768804,0.0904078327750779
2200.0,5,1.6117955580007255,0.0873073232919398
2300.0,5,1.611648824311317,0.0844550196724684
2400.0,5,1.6101568372315918,0.0826007591774951
2500.0,5,1.6097668882510885,0.0801029708867691
2600.0,5,1.61140196497539,0.0794787391271478
2700.0,5,1.6212408129085618,0.0779637929787065
2800.0,5,1.6295961919529969,0.076371616089765
2900.0,5,1.6334842097308195,0.0745257941907086
3000.0,5,1.6373812704731645,0.0740396518102375
3100.0,5,1.6414245200886073,0.0735999818955316
3200.0,5,1.6443780173369158,0.0728915868349009
3300.0,5,1.6457555315705643,0.0725207860794208
3400.0,5,1.6452864056326828,0.0705885661408369
3500.0,5,1.643826317907585,0.0686676872578408
3600.0,5,1.643422327755581,0.066983076856042
3700.0,5,1.6394753945826477,0.0660378155390406
3800.0,5,1.6317571690071857,0.064517135762924
3900.0,5,1.6299516722616805,0.0633629356019081
4000.0,5,1.636477638157563,0.0613075240140065
4100.0,5,1.640911242227493,0.0612114276403191
4200.0,5,1.6421583605845596,0.0608053476533454
4300.0,5,1.643036746389884,0.0601798739352758
4400.0,5,1.645934709571207,0.0586797588833055
4500.0,5,1.6453959412498371,0.0573001316401006
4600.0,5,1.6432931009224891,0.0556106274674234
4700.0,5,1.6496496318250415,0.0550995866070112
4800.0,5,1.6546311401414842,0.0542362516507507
4900.0,5,1.657925616495548,0.0539150836903028
5000.0,5,1.6605696935641738,0.0548271323132289
0.0,6,0.0,0.0
100.0,6,1.6899286866053786,0.1691418675255961
200.0,6,2.1702133640107424,0.2144007735606788
300.0,6,2.449843973871117,0.2390324327381192
400.0,6,2.698743851370196,0.261465516163309
500.0,6,2.96907797040684,0.300178695350566
600.0,6,3.2040800516641705,0.3327114641688051
700.0,6,3.435880771750721,0.3555444385361462
800.0,6,3.585446263994258,0.3747849450317752
900.0,6,3.7050739283614864,0.3890744399579345
1000.0,6,3.83380525303501,0.3965863289273282
1100.0,6,3.988012969035703,0.4072982047882607
1200.0,6,4.130120946537783,0.4120436804994975
1300.0,6,4.250143013009881,0.4164349287618112
1400.0,6,4.336509759671877,0.4187293724016722
1500.0,6,4.429495926945418,0.4180203665318657
1600.0,6,4.518917673177166,0.4114679721202663
1700.0,6,4.593575348148272,0.4072048214310965
1800.0,6,4.652338576468603,0.405632595420792
1900.0,6,4.7423981031249145,0.4059680821857496
2000.0,6,4.811850055503843,0.4059373675733071
2100.0,6,4.8536494467802935,0.4037510821089616
2200.0,6,4.880762538640807,0.4014289963395484
2300.0,6,4.901170751182674,0.3970890360972722
2400.0,6,4.921034008377222,0.3906050953926663
2500.0,6,4.94609185089229,0.3867717139792467
2600.0,6,4.974549302333701,0.3854178748189569
2700.0,6,5.00032111060344,0.3838693078566071
2800.0,6,5.0189647247157465,0.3830697712491914
2900.0,6,5.0433600848754505,0.3801507168785897
3000.0,6,5.070778438018393,0.375448374315356
3100.0,6,5.099435507864536,0.3696128546334785
3200.0,6,5.128643251898232,0.3645184652284676
3300.0,6,5.170808313573293,0.3598943529945547
3400.0,6,5.205821817515636,0.35584125969196
3500.0,6,5.238055790427584,0.3534511950077805
3600.0,6,5.258065004413691,0.3524339474832152
3700.0,6,5.273075988430718,0.3509351710533623
3800.0,6,5.292063903800804,0.3513454121834126
3900.0,6,5.304291232033337,0.3522271880817295
4000.0,6,5.326572015126871,0.3525721913283015
4100.0,6,5.348116783070272,0.3522337561840762
4200.0,6,5.37550539741591,0.3520920532847305
4300.0,6,5.4036846192008126,0.3512611840513265
4400.0,6,5.428806531273851,0.3511831948784417
4500.0,6,5.450274224593676,0.3497000694406068
4600.0,6,5.467154943336702,0.3505082079581473
4700.0,6,5.483475063908989,0.3508762310224211
4800.0,6,5.4988299814583135,0.350385168348077
4900.0,6,5.516059754194684,0.3483336438169012
5000.0,6,5.534611922347027,0.3468804797629816
0.0,7,0.0,0.0
100.0,7,2.6057032044479893,0.2759260554199151
200.0,7,3.6635956504419953,0.3368272747589245
300.0,7,4.472855711699465,0.363109154330945
400.0,7,5.200417847586472,0.3947908754171501
500.0,7,5.783305564690103,0.4129104652927764
600.0,7,6.318408008696649,0.430240683521082
700.0,7,6.81649704328808,0.4403867524048332
800.0,7,7.295419141825898,0.4412829531692709
900.0,7,7.738615694345996,0.4323314402046912
1000.0,7,8.14870778091527,0.4224569373376211
1100.0,7,8.50184294678249,0.4114072625603319
1200.0,7,8.812680096112466,0.4002328879799393
1300.0,7,9.075060700042602,0.3861905685810247
1400.0,7,9.30182513191774,0.3709381756399381
1500.0,7,9.508963246103155,0.3591444670673331
1600.0,7,9.685821006793244,0.351001471824316
1700.0,7,9.840219534690291,0.3444700019286381
1800.0,7,9.972657688526898,0.3354569575755178
1900.0,7,10.09062587160373,0.3269899697981282
2000.0,7,10.20446966745837,0.3202988601895016
2100.0,7,10.307524761424103,0.3090903683223363
2200.0,7,10.413793116824673,0.299303922183198
2300.0,7,10.504331857998135,0.2903200189896831
2400.0,7,10.594398130932236,0.282840793113064
2500.0,7,10.668474394402477,0.2751323640994408
2600.0,7,10.741252374130315,0.2688008336902974
2700.0,7,10.81140417734939,0.2623960804117487
2800.0,7,10.876513292893888,0.2561785362665598
2900.0,7,10.946132355546172,0.2498281704375988
3000.0,7,11.012324255069837,0.2449568906782895
3100.0,7,11.07038770915054,0.2401133143037384
3200.0,7,11.12270784727662,0.2365161488830945
3300.0,7,11.175764802501952,0.2322934961930367
3400.0,7,11.233072480341466,0.2291649927430401
3500.0,7,11.281707804039211,0.2258177747527577
3600.0,7,11.32772758935468,0.2220716992604156
3700.0,7,11.367387038880675,0.2186613214253203
3800.0,7,11.40375210701867,0.2154751489905746
3900.0,7,11.438798746682687,0.2137855090631919
4000.0,7,11.471160592048452,0.211461383270156
4100.0,7,11.495147667858072,0.2089246748154785
4200.0,7,11.526677775738326,0.2059548389381073
4300.0,7,11.552255742217302,0.204253319297604
4400.0,7,11.578435612495504,0.2033548936405133
4500.0,7,11.600794185115882,0.2010974106560145
4600.0,7,11.625424883906389,0.1985240050591117
4700.0,7,11.652080556800396,0.1956670115434741
4800.0,7,11.679773475139733,0.1924864776176436
4900.0,7,11.703018106910053,0.1897880217839547
5000.0,7,11.722254435164649,0.1883457416407425
0.0,8,0.0,0.0
100.0,8,3.679135786282632,0.330436562109218
200.0,8,5.352051095695396,0.3418684206782486
300.0,8,6.615505680887774,0.332437377171987
400.0,8,7.5832903492803165,0.3084674161112929
500.0,8,8.28260442385315,0.2904096290957947
600.0,8,8.855521487785762,0.2684873104857604
700.0,8,9.351596040814323,0.2476119745970948
800.0,8,9.731582803544596,0.2242352562416345
900.0,8,10.0505312870533,0.2036313462309623
1000.0,8,10.3270513156405,0.1868688098289226
1100.0,8,10.552263338943057,0.1718175899124091
1200.0,8,10.734040730526525,0.158282638347661
1300.0,8,10.889394939766763,0.1482287488460384
1400.0,8,11.01696042758424,0.139927204176629
1500.0,8,11.141992887558684,0.1317884837903527
1600.0,8,11.242487253164942,0.1252096839505469
1700.0,8,11.329754685452448,0.1186178980325135
1800.0,8,11.390850436144076,0.1134483146718353
1900.0,8,11.45920323803327,0.1084299891311193
2000.0,8,11.528123524383563,0.1033936478155264
2100.0,8,11.588817901757288,0.1004090415474882
2200.0,8,11.643781275450502,0.0959811187026779
2300.0,8,11.6992739845828,0.0924010915678598
2400.0,8,11.740365092106964,0.08963598567353
2500.0,8,11.777005859753263,0.0866458217049738
2600.0,8,11.818451006799338,0.0841847427698486
2700.0,8,11.856925205725055,0.081689030820991
2800.0,8,11.892383351855624,0.0797217306484166
2900.0,8,11.923588316963253,0.0785395090218588
3000.0,8,11.951808504411895,0.0776260350092504
3100.0,8,11.976721969579083,0.0771692027355158
3200.0,8,12.004353552517513,0.0760078753071172
3300.0,8,12.028036111163354,0.0742632153839989
3400.0,8,12.04853065439221,0.0730733414757095
3500.0,8,12.075551124254844,0.0714314495943535
3600.0,8,12.092123396003156,0.0693357447017012
3700.0,8,12.1094943940696,0.0674042353771366
3800.0,8,12.127468446228278,0.0663426068187128
3900.0,8,12.140367471887489,0.0662685167620105
4000.0,8,12.15320804021358,0.0658548583494626
4100.0,8,12.167825679806398,0.064942411244953
4200.0,8,12.17856578290031,0.0636273576587679
4300.0,8,12.192160245665006,0.062318425775668
4400.0,8,12.206879007253573,0.0621135404693286
4500.0,8,12.221906287566089,0.0619755307193869
4600.0,8,12.234975453828744,0.0608823187218153
4700.0,8,12.247139309647212,0.0597847204558391
4800.0,8,12.258404574093063,0.0583396352737636
4900.0,8,12.264068797621926,0.0570169917713526
5000.0,8,12.27480896165919,0.0563745946583783
0.0,9,0.0,0.0
100.0,9,4.655743196999144,0.3060411192902108
200.0,9,6.661737658757329,0.267104276633548
300.0,9,7.894695575035676,0.2315571972729183
400.0,9,8.690734744371731,0.2055020141549758
500.0,9,9.251637377493418,0.1705898183475194
600.0,9,9.673188178366985,0.1514570296761343
700.0,9,9.991040526916564,0.1314778113618505
800.0,9,10.251969948085302,0.1174367960184772
900.0,9,10.470986638977594,0.1061807637081145
1000.0,9,10.628668171328606,0.0959804526731123
1100.0,9,10.753658112410434,0.0876673222910217
1200.0,9,10.866959376983583,0.0828646002040302
1300.0,9,10.95853788509933,0.0797835346604996
1400.0,9,11.041024563616856,0.0746480828254938
1500.0,9,11.109700133168907,0.0715222892120846
1600.0,9,11.16193884128553,0.0687829265394089
1700.0,9,11.218496818487932,0.0671725638255367
1800.0,9,11.27324278093218,0.0654092888357322
1900.0,9,11.326373381053005,0.0634153836376087
2000.0,9,11.35250268197345,0.0613946109704298
2100.0,9,11.38721873786932,0.0581438581478932
2200.0,9,11.41637143579116,0.0575947484235223
2300.0,9,11.445441942531769,0.0553500051590136
2400.0,9,11.467307834665723,0.0527861362604635
2500.0,9,11.48786590928289,0.0513831653594353
2600.0,9,11.51395832618818,0.0504881551669455
2700.0,9,11.529352347215566,0.0503138860924551
2800.0,9,11.550019492808012,0.0491633365001289
2900.0,9,11.565290075981345,0.048752876334808
3000.0,9,11.5837826826056,0.0487080448434279
3100.0,9,11.604818054790352,0.0494969965225914
3200.0,9,11.612255586826906,0.0483319367546134
3300.0,9,11.62867901779545,0.0476612710368718
3400.0,9,11.6461522842924,0.0456110349864511
3500.0,9,11.66050646187723,0.0446952742129544
3600.0,9,11.669905424488126,0.0433937967542819
3700.0,9,11.6806206129537,0.0430680921635426
3800.0,9,11.688774301837936,0.0420496889281927
3900.0,9,11.700973202728848,0.0414586252312016
4000.0,9,11.70678249997664,0.042447310354401
4100.0,9,11.717412701018734,0.0431315170278854
4200.0,9,11.72384576846349,0.0420249221728351
4300.0,9,11.729270727535608,0.0416518404702779
4400.0,9,11.733875220694726,0.0406701638545412
4500.0,9,11.74024387383111,0.0397138491874739
4600.0,9,11.747086657024894,0.0392214515299268
4700.0,9,11.7544020160847,0.0382754209700527
4800.0,9,11.761360683771516,0.0372297252387184
4900.0,9,11.767962037168044,0.036386766315871
5000.0,9,11.77285066160631,0.0362985595461381
0.0,10,0.0,0.0
100.0,10,5.56023534840685,0.2869538027323148
200.0,10,7.47802900961935,0.2051557429762564
300.0,10,8.47080227290432,0.1480435148631341
400.0,10,9.056906252378456,0.126977126202631
500.0,10,9.44695749300158,0.1083618950913313
600.0,10,9.75381237587397,0.0975801920520807
700.0,10,9.977985464484474,0.0896591183149771
800.0,10,10.16058324970492,0.0798706099652553
900.0,10,10.311826000653172,0.0726094760605137
1000.0,10,10.433395854517078,0.0670887637785292
1100.0,10,10.53763660842782,0.0658105608546316
1200.0,10,10.619311075708998,0.0646523735300702
1300.0,10,10.680817040871355,0.0636011621552907
1400.0,10,10.7333701489636,0.0628621955106631
1500.0,10,10.774448556531944,0.0614601895706703
1600.0,10,10.823226796868004,0.058722105546603
1700.0,10,10.85805767276927,0.0576537971246943
1800.0,10,10.888314233774794,0.0559652863060633
1900.0,10,10.914743202033334,0.0550767107899689
2000.0,10,10.931773104086872,0.0524496987859679
2100.0,10,10.95294697052856,0.0506999720481636
2200.0,10,10.97507044201466,0.0487981961898176
2300.0,10,11.0013638246501,0.0479608662260719
2400.0,10,11.014892571828147,0.0465014998193566
2500.0,10,11.032203883997065,0.0462771309165391
2600.0,10,11.047741063611232,0.0460345507151523
2700.0,10,11.062735905692051,0.0442100234247197
2800.0,10,11.07791013670886,0.0436526057251887
2900.0,10,11.089205274877056,0.0431824963963179
3000.0,10,11.097411524698447,0.043169086833987
3100.0,10,11.10762463038523,0.0421292906007762
3200.0,10,11.117122538313923,0.0412195025527318
3300.0,10,11.13065481181672,0.0401467025509065
3400.0,10,11.144282291283702,0.0382724481175347
3500.0,10,11.150873086920909,0.0373121598655422
3600.0,10,11.162120570794606,0.0366810961768921
3700.0,10,11.167793968261046,0.0362872602564277
3800.0,10,11.172104792695947,0.0355525707431203
3900.0,10,11.176628555718668,0.0349963954956176
4000.0,10,11.183965295792753,0.0344477974478595
4100.0,10,11.188856211675626,0.0351330059729209
4200.0,10,11.193679846068289,0.0349574895941899
4300.0,10,11.199591852761776,0.0345009807037841
4400.0,10,11.206097981609496,0.0343266844837226
4500.0,10,11.20751797725155,0.0339963233761642
4600.0,10,11.2113295050545,0.034244896590884
4700.0,10,11.219501533289613,0.0338133353693176
4800.0,10,11.225928996993588,0.0337150751558561
4900.0,10,11.231010184336196,0.0335591539727556
5000.0,10,11.233408125032115,0.0330282356021911
0.0,11,0.0,0.0
100.0,11,6.356557511115614,0.2455032965107389
200.0,11,7.907630653856946,0.1456659398316115
300.0,11,8.649779138480024,0.1128216295507225
400.0,11,9.08895046852138,0.0967169056483722
500.0,11,9.395946808727324,0.0882694584088035
600.0,11,9.64010422933472,0.0759419357653177
700.0,11,9.831129057036536,0.0694534406002806
800.0,11,9.976085617593018,0.065681914193158
900.0,11,10.109162449881966,0.0681873033118963
1000.0,11,10.22529040531106,0.066928590843778
1100.0,11,10.329993237198758,0.0741220017902587
1200.0,11,10.420115644212125,0.0840898988761081
1300.0,11,10.473981501819548,0.0953131530952173
1400.0,11,10.54530274050461,0.1074371293694772
1500.0,11,10.603056821860466,0.1127778993331357
1600.0,11,10.647593093792528,0.1155374029161812
1700.0,11,10.67606193004452,0.1153463101205544
1800.0,11,10.699691314339706,0.1123464398452387
1900.0,11,10.728276059022864,0.1078915502747909
2000.0,11,10.746834618198443,0.1044532681323296
2100.0,11,10.770482769769515,0.1029307326109969
2200.0,11,10.791797634584238,0.0996426075009508
2300.0,11,10.811539451118456,0.0975768188779829
2400.0,11,10.831481363361744,0.0972754168645701
2500.0,11,10.848189999970412,0.095085952509959
2600.0,11,10.861090597782152,0.0924359366383457
2700.0,11,10.87274032305252,0.0893577258366825
2800.0,11,10.88442851048737,0.0865511368577714
2900.0,11,10.895860659135066,0.0849307584495556
3000.0,11,10.907901356600169,0.0827628080557292
3100.0,11,10.91589865057822,0.0806714212732131
3200.0,11,10.928847787383422,0.0798688425463941
3300.0,11,10.942050043490092,0.0786230049513511
3400.0,11,10.950255814470104,0.07595594156656
3500.0,11,10.960359891044028,0.0734835131914365
3600.0,11,10.970954541569526,0.0720144764717804
3700.0,11,10.97825141652964,0.0714586740513887
3800.0,11,10.986653480584486,0.070177442738878
3900.0,11,10.993099594010936,0.0684362275268458
4000.0,11,10.992475145351795,0.0667777885626445
4100.0,11,10.990684163213576,0.0655141121456319
4200.0,11,10.994092303550548,0.0640695882023617
4300.0,11,10.995341113966749,0.0625103001431056
4400.0,11,11.00122647826581,0.0615195566519146
4500.0,11,11.006275077820998,0.0602522338758945
4600.0,11,11.01168414251497,0.0589617165566285
4700.0,11,11.015221192712511,0.0575751794687519
4800.0,11,11.018829094109035,0.0566845436123338
4900.0,11,11.022391605381753,0.0556477321353274
5000.0,11,11.025490213681277,0.054431438272625
0.0,12,0.0,0.0
100.0,12,6.791884661249656,0.1801236753311496
200.0,12,8.025672291332514,0.109800700947582
300.0,12,8.636121208201576,0.0850742052211789
400.0,12,9.08362519148237,0.0798504064471808
500.0,12,9.417644633892564,0.0920226787047651
600.0,12,9.696385794942646,0.103116625945352
700.0,12,9.935773827246948,0.1109343338233958
800.0,12,10.111263142205782,0.1216181294565751
900.0,12,10.31690779872969,0.13834058910896
1000.0,12,10.519075274340398,0.1605865142881254
1100.0,12,10.69569002982382,0.1858271138440405
1200.0,12,10.856880778135,0.2090862024939532
1300.0,12,10.992426033994526,0.2336435603402711
1400.0,12,11.107138021877253,0.248928806851804
1500.0,12,11.211446821589451,0.261544234125171
1600.0,12,11.32779060461529,0.2731827790427226
1700.0,12,11.428863335083646,0.2821493605528316
1800.0,12,11.52493324200422,0.2904274313189587
1900.0,12,11.613667531786938,0.2960166861033281
2000.0,12,11.67960921446013,0.300358919506874
2100.0,12,11.743436023380491,0.3037447844328522
2200.0,12,11.802528794544946,0.3050297366489576
2300.0,12,11.854889555365896,0.3062820425919134
2400.0,12,11.91279337889446,0.308665622101068
2500.0,12,11.962711448735329,0.3097631134104885
2600.0,12,12.003542743929538,0.3107660446280331
2700.0,12,12.035617026939864,0.310784925120509
2800.0,12,12.069324483270716,0.3110642019181681
2900.0,12,12.10437128850264,0.3118263935578604
3000.0,12,12.141937550128429,0.3113003424431552
3100.0,12,12.173910214941882,0.3107232894700288
3200.0,12,12.20577105096019,0.3103058206867141
3300.0,12,12.233563907954755,0.3102455190820091
3400.0,12,12.266579641977602,0.3124749735355942
3500.0,12,12.294249533734064,0.3160570278693924
3600.0,12,12.3153018348897,0.3185724777604704
3700.0,12,12.33694522373874,0.3200960840074945
3800.0,12,12.361492271360657,0.3224577557114069
3900.0,12,12.382741699016687,0.3257085424558132
4000.0,12,12.403860160611718,0.3271744677275426
4100.0,12,12.422792026320048,0.3293378459687065
4200.0,12,12.439474632065624,0.3296414311536506
4300.0,12,12.450841576310074,0.3301358849901081
4400.0,12,12.460515127458118,0.3300075789372731
4500.0,12,12.468381811224956,0.3302731160972035
4600.0,12,12.485182809829816,0.3308833756246243
4700.0,12,12.504577490574055,0.3311973381972125
4800.0,12,12.524768398132736,0.3319534520540573
4900.0,12,12.545450860200598,0.3327643050285609
5000.0,12,12.561388463675144,0.3327118338476013
