Time,SI max,Transient Response Time Mean,Transient Response Time CI95
0.0,10,0.0,0.0
100.0,10,0.5603933967991663,0.0383199415873217
200.0,10,0.5963177233513203,0.0309249141576162
300.0,10,0.6079554527194866,0.0224657632381329
400.0,10,0.5996949599992927,0.0212456006211784
500.0,10,0.5971182205134985,0.0186039092470879
600.0,10,0.6028597533183084,0.0172744396423977
700.0,10,0.6010898960244482,0.0174126169647039
800.0,10,0.599080985617194,0.0163747085087885
900.0,10,0.5962669429314656,0.0159140054917914
1000.0,10,0.5960146899704544,0.0147466425026975
1100.0,10,0.5936774301961782,0.0140356796456021
1200.0,10,0.59356089761272,0.0129374912553813
1300.0,10,0.5947439200912259,0.0122111767926534
1400.0,10,0.5933743926219437,0.0116193472713862
1500.0,10,0.5917196077373266,0.0107983317161338
1600.0,10,0.5921592832956611,0.0109853500789641
1700.0,10,0.5939959864926568,0.0108788948752868
1800.0,10,0.5931352101040582,0.0107535763970126
1900.0,10,0.5913485437022592,0.0104860959242713
2000.0,10,0.5896791047704724,0.0102078529032196
2100.0,10,0.5893037060075067,0.0097601187951128
2200.0,10,0.5914511097408858,0.0096076372974263
2300.0,10,0.5907872251731492,0.0090573887126267
2400.0,10,0.5908543878388438,0.0089439141552751
2500.0,10,0.591932641449109,0.0086391246746311
2600.0,10,0.5908826845003828,0.0085161818421138
2700.0,10,0.5910335130835922,0.0082860706551203
2800.0,10,0.5916804000025669,0.0082054509845468
2900.0,10,0.5924643459493996,0.0081031215003891
3000.0,10,0.5926365414194099,0.0080066877257412
3100.0,10,0.593402724991134,0.0077345205988136
3200.0,10,0.5930658697919221,0.0077265919025957
3300.0,10,0.5931576986935514,0.0077152549735747
3400.0,10,0.5935303437036749,0.0075206047773538
3500.0,10,0.5937982588880222,0.0074307193823564
3600.0,10,0.5943173724493364,0.0074663145623822
3700.0,10,0.5942858831516853,0.007255590000385
3800.0,10,0.5940804002136334,0.0071049782075329
3900.0,10,0.5943687360567934,0.0070685973095998
4000.0,10,0.5933502501291301,0.00701960778811
4100.0,10,0.5934719294051696,0.0068951416039079
4200.0,10,0.5941435012546695,0.006741154282566
4300.0,10,0.5943808026811459,0.0067316324169001
4400.0,10,0.5949531074198559,0.0067361968685401
4500.0,10,0.5958308950753268,0.0062921686305027
4600.0,10,0.5954584850363964,0.0061356469185259
4700.0,10,0.5958824968994542,0.0060985282555798
4800.0,10,0.5953258609970024,0.0060353972667099
4900.0,10,0.5959261420940812,0.0060615999738399
5000.0,10,0.5980125139986384,0.0059402878685637
0.0,20,0.0,0.0
100.0,20,0.6875289951753841,0.0698019568019633
200.0,20,0.735253235390405,0.060246962124018
300.0,20,0.7343569348385413,0.0486492265837838
400.0,20,0.7387707705936628,0.041128859835427
500.0,20,0.7386121049932971,0.0355330705571165
600.0,20,0.7466068892340302,0.0369082915328823
700.0,20,0.7456988029525043,0.0354047938249066
800.0,20,0.7437242501184598,0.0330898463764426
900.0,20,0.7478850622559733,0.0313246536088825
1000.0,20,0.7469853221695861,0.0289366991396223
1100.0,20,0.7482640855749545,0.0283651031780296
1200.0,20,0.7473275268366547,0.0272047904132605
1300.0,20,0.7496161731303868,0.0264344682877782
1400.0,20,0.7514298239834769,0.0256285243069218
1500.0,20,0.7537614878709146,0.024033351542134
1600.0,20,0.7538628907534023,0.0226109534752109
1700.0,20,0.7528580550337034,0.0220050415205399
1800.0,20,0.7531917481773679,0.0213254044128687
1900.0,20,0.7521144381410111,0.0202357048454261
2000.0,20,0.7509554378961365,0.0191732182674802
2100.0,20,0.75090722885532,0.0187940038211111
2200.0,20,0.7532525602825072,0.017810483906193
2300.0,20,0.7552460091157976,0.0173062132989567
2400.0,20,0.7552712396685786,0.0173883721668423
2500.0,20,0.7536782185436429,0.0168854143447739
2600.0,20,0.7544741968167852,0.0160375279123784
2700.0,20,0.7571581940545087,0.0162728239384696
2800.0,20,0.7567797178163084,0.0158967182407887
2900.0,20,0.7566516149402646,0.0159463583827211
3000.0,20,0.7558330872328775,0.0158483475867096
3100.0,20,0.7556476112315001,0.0154547402650813
3200.0,20,0.7540815392521464,0.0151377078251539
3300.0,20,0.7540421274464667,0.014521868238105
3400.0,20,0.7565991408295701,0.0143845303990166
3500.0,20,0.7565951519701075,0.0143421186803258
3600.0,20,0.758415787940426,0.0142958422350689
3700.0,20,0.7592148129078385,0.0142557204684066
3800.0,20,0.758564105842588,0.0144363599686145
3900.0,20,0.7598560324892428,0.0144185132407855
4000.0,20,0.7603450154316946,0.0141726475238743
4100.0,20,0.7617465685965805,0.0142126225454936
4200.0,20,0.7621940823587451,0.013840145905945
4300.0,20,0.7630301728723322,0.0136693846045083
4400.0,20,0.7633781079592429,0.0133428634225267
4500.0,20,0.763196082318074,0.0129242270279362
4600.0,20,0.7631608025539992,0.0129234264134391
4700.0,20,0.7637168922263774,0.0129351248614833
4800.0,20,0.7643923007463281,0.012736052659048
4900.0,20,0.7654024123290365,0.0123285250526961
5000.0,20,0.7664065189370327,0.0126504216539637
0.0,30,0.0,0.0
100.0,30,0.7230317942649988,0.0867258171978392
200.0,30,0.7700569446169806,0.0769919161324427
300.0,30,0.7723966043695119,0.0615772274784832
400.0,30,0.7820068863798807,0.0535817203134769
500.0,30,0.7842875033632781,0.0466979037419081
600.0,30,0.7915597228482115,0.0465204998098664
700.0,30,0.7978151572273015,0.048574833117783
800.0,30,0.7966325948968725,0.0462668804496729
900.0,30,0.7961926887786563,0.0436962195271553
1000.0,30,0.7960709996656624,0.0401094228654281
1100.0,30,0.7954759295704475,0.0380560120166033
1200.0,30,0.7941453498026838,0.0362465133056654
1300.0,30,0.7979090074345554,0.0346447162487634
1400.0,30,0.8007094477227291,0.0339680711864997
1500.0,30,0.8051196771241869,0.033267177098654
1600.0,30,0.805402032009366,0.0315449632638257
1700.0,30,0.8067499667315307,0.0310646769670555
1800.0,30,0.8055839640532697,0.0295748546105237
1900.0,30,0.8038458602723363,0.0277405970625203
2000.0,30,0.8010274939823961,0.0260598803018007
2100.0,30,0.8024379192724449,0.0256069552657295
2200.0,30,0.8045570233182806,0.024292708848372
2300.0,30,0.8063354449060568,0.0236508863683151
2400.0,30,0.8071799931725891,0.0236152840379859
2500.0,30,0.8053828287079445,0.0229768438293584
2600.0,30,0.8056942623611926,0.0221040528859525
2700.0,30,0.8073140919176626,0.0220729868859006
2800.0,30,0.8071959528583278,0.0216526396645943
2900.0,30,0.8066845631331525,0.0212870682600914
3000.0,30,0.8062891286023405,0.0206354440428374
3100.0,30,0.8042193353334093,0.0200170451125214
3200.0,30,0.8016040411066664,0.0192817877868858
3300.0,30,0.8018099206843973,0.0187534100147217
3400.0,30,0.8046914682351252,0.0185353559396674
3500.0,30,0.8048498237580133,0.01860423118766
3600.0,30,0.8069606789554363,0.0187850114563049
3700.0,30,0.8085143822876711,0.0188996268213377
3800.0,30,0.8086665134837117,0.0192069063159508
3900.0,30,0.8078936315956661,0.0191079384839793
4000.0,30,0.8096250630653219,0.0186010851498084
4100.0,30,0.8110180808530788,0.0185338583274804
4200.0,30,0.8116867921149498,0.0179782351508093
4300.0,30,0.8111764323395709,0.0176337269089696
4400.0,30,0.8113646529154669,0.0175681050845886
4500.0,30,0.8114853332887407,0.017224738043842
4600.0,30,0.8121747444417742,0.0171735122551764
4700.0,30,0.8130630188143618,0.0172765635930101
4800.0,30,0.8133459630903821,0.0169542932484649
4900.0,30,0.8149840162750578,0.0164373323064429
5000.0,30,0.8160195305172481,0.0169528266197878
0.0,40,0.0,0.0
100.0,40,0.7151332543887695,0.0837699455806941
200.0,40,0.7735159189389806,0.0787268122020179
300.0,40,0.7825112174062422,0.0636684542829319
400.0,40,0.7916313122018412,0.0555670296596109
500.0,40,0.7929134319217507,0.0484009097826647
600.0,40,0.7985271587935966,0.0495294468374266
700.0,40,0.8061084285037879,0.0532461366846682
800.0,40,0.8064525673800439,0.0517870299963753
900.0,40,0.8049760772219288,0.0489759831344714
1000.0,40,0.8050420917632632,0.0447852516399915
1100.0,40,0.8044131546603775,0.0426260067540869
1200.0,40,0.8037653266903229,0.0405013169321863
1300.0,40,0.8077615487550674,0.038562269393517
1400.0,40,0.8105264768755644,0.0380821295902174
1500.0,40,0.8155141816485357,0.037668370744637
1600.0,40,0.8149143305653715,0.0355655432320101
1700.0,40,0.8179950848188366,0.0350964880672785
1800.0,40,0.8166352216988525,0.0335881402984105
1900.0,40,0.8143779435221551,0.0318053601372934
2000.0,40,0.811183186578191,0.0300280904019998
2100.0,40,0.8112700444010299,0.0293095388377224
2200.0,40,0.8133134273459212,0.0278125263956377
2300.0,40,0.8149715242861998,0.0270338480147901
2400.0,40,0.8153126937020329,0.0264462211378086
2500.0,40,0.8135515995953687,0.0256581676112135
2600.0,40,0.8145765043017398,0.0248178356615972
2700.0,40,0.8164534969649986,0.0247108813695836
2800.0,40,0.8161889909964164,0.024218013696725
2900.0,40,0.8155201530422385,0.0237387637580653
3000.0,40,0.8143510720724101,0.0229331032475586
3100.0,40,0.8120184949029803,0.0222338881168004
3200.0,40,0.8091411832509596,0.0214464932205757
3300.0,40,0.809475265765518,0.0208029410436441
3400.0,40,0.8124193688759166,0.0205474580890186
3500.0,40,0.81285711094815,0.0207467542971553
3600.0,40,0.8148592075091676,0.0209369787984527
3700.0,40,0.8168349160278671,0.0212855001763486
3800.0,40,0.8168470086918004,0.0215273520583349
3900.0,40,0.8161945710013001,0.0211915288395073
4000.0,40,0.8190186320511738,0.0206648008874715
4100.0,40,0.8206161808907976,0.0205795044289187
4200.0,40,0.8215758324022786,0.0201848477921763
4300.0,40,0.8211585621034653,0.0199006148281398
4400.0,40,0.8218843584900205,0.0198019083137626
4500.0,40,0.8224074432094393,0.0193769110775865
4600.0,40,0.8232435160535103,0.0192444653083383
4700.0,40,0.8243392259884749,0.0192679335877486
4800.0,40,0.8245877498441607,0.0189355589459011
4900.0,40,0.8266341872997239,0.018229673775158
5000.0,40,0.832800642981255,0.0194010118490881
0.0,50,0.0,0.0
100.0,50,0.7166685414308597,0.0842359491174171
200.0,50,0.7738246179944126,0.0787307165779182
300.0,50,0.7827105424330318,0.0636274211212484
400.0,50,0.7912618716378165,0.0553260948242939
500.0,50,0.7933129056167887,0.0484115519253253
600.0,50,0.8008286280087271,0.0504058424300899
700.0,50,0.8097990462626596,0.055426721348042
800.0,50,0.8101362180017285,0.0541263112982051
900.0,50,0.807643337109195,0.0509134171716686
1000.0,50,0.8086292670569113,0.0468278746390532
1100.0,50,0.8075547899780808,0.0442764453591342
1200.0,50,0.8063603610876094,0.0416293736842991
1300.0,50,0.8093069422262482,0.0396581574371837
1400.0,50,0.8115456117823519,0.0390542522741969
1500.0,50,0.8168761473318549,0.038684787929482
1600.0,50,0.816358267456832,0.0364404977015999
1700.0,50,0.8195591941633921,0.035918962714617
1800.0,50,0.818622352864334,0.0344209341385388
1900.0,50,0.8165627469086773,0.032617733253875
2000.0,50,0.8134290794176839,0.0307834197447
2100.0,50,0.8130267082807463,0.0300378029447121
2200.0,50,0.814942170878657,0.0285053913740465
2300.0,50,0.8167109223167209,0.0277117280525139
2400.0,50,0.8170569145084062,0.0270937320982091
2500.0,50,0.8151877881718682,0.0261790061292892
2600.0,50,0.8162686267469682,0.0253076844346588
2700.0,50,0.8182652049926331,0.025179515806681
2800.0,50,0.8176561064247293,0.0245819395376713
2900.0,50,0.8171604505850912,0.0241044958349407
3000.0,50,0.8160253174854569,0.0232453030505942
3100.0,50,0.8138399809869026,0.0225096439005749
3200.0,50,0.8105985076051112,0.0216459023962802
3300.0,50,0.810794150727333,0.0209825210313705
3400.0,50,0.8138832748642557,0.0208166660791919
3500.0,50,0.8142816486891385,0.020950351287813
3600.0,50,0.8162510285987276,0.0211701549063909
3700.0,50,0.8182775200734903,0.0216259072032898
3800.0,50,0.8182108691175174,0.0219340411773065
3900.0,50,0.8176668397689776,0.0215171291896872
4000.0,50,0.8206181607808749,0.021005965950668
4100.0,50,0.8222390923943367,0.0210612266041002
4200.0,50,0.8234102198526663,0.0207378915657719
4300.0,50,0.8229644622901449,0.020498150177997
4400.0,50,0.8238060622102845,0.0203802434972005
4500.0,50,0.8243694504330221,0.0199700231173083
4600.0,50,0.8252994669878045,0.0198652621897862
4700.0,50,0.8264171876869868,0.0198274598719994
4800.0,50,0.8266557758098662,0.019498447138228
4900.0,50,0.828715634544545,0.0187626358116174
5000.0,50,0.8341158310955515,0.0195443537371365
0.0,60,0.0,0.0
100.0,60,0.7160103778319484,0.0842317521294627
200.0,60,0.7730444026308264,0.0789164845468224
300.0,60,0.7811021257793972,0.0635663293358741
400.0,60,0.7897013749670235,0.0552351912925353
500.0,60,0.7914071793296649,0.0483855346264417
600.0,60,0.800121927567581,0.050955123114485
700.0,60,0.8094779675665109,0.0562263536104634
800.0,60,0.8101595383855045,0.0548980871357395
900.0,60,0.8075773210228019,0.0517103095384667
1000.0,60,0.808120135917426,0.0473202717749344
1100.0,60,0.807330826531693,0.0448186642421978
1200.0,60,0.8062671465492943,0.0422377881154354
1300.0,60,0.8090956190034487,0.0401869441064869
1400.0,60,0.8115645283798655,0.0395165585219598
1500.0,60,0.8166350563200736,0.0390274452002748
1600.0,60,0.8159960416419667,0.036763953794195
1700.0,60,0.8192534739002457,0.0362070235044494
1800.0,60,0.8182366261221039,0.0347257659714864
1900.0,60,0.8162257543958333,0.0328756223231086
2000.0,60,0.8130402895588015,0.0309406529953587
2100.0,60,0.8128939654788527,0.0302048245931131
2200.0,60,0.8148575924455385,0.0287083274200275
2300.0,60,0.8165079961839952,0.027925299129982
2400.0,60,0.8169409317564844,0.0273031002124797
2500.0,60,0.8152544061654233,0.0263699075888728
2600.0,60,0.8164112231860333,0.0254936157879197
2700.0,60,0.8184490494117352,0.0253582630744428
2800.0,60,0.8177269390096441,0.0247654540372063
2900.0,60,0.8172396646188564,0.0242286062838701
3000.0,60,0.8159465038293054,0.0233162987231246
3100.0,60,0.8138708689083193,0.0225357678628803
3200.0,60,0.8107204512755805,0.0216951697475686
3300.0,60,0.8109714921457927,0.0210268309675316
3400.0,60,0.814014509167321,0.0209217403084725
3500.0,60,0.8143705147307925,0.0210284410435035
3600.0,60,0.816293187960928,0.0212002058009604
3700.0,60,0.8184126873768204,0.0217074404299635
3800.0,60,0.818385234080296,0.0220556473406196
3900.0,60,0.8179571992922763,0.0216529160169743
4000.0,60,0.82086639254368,0.0211662530938514
4100.0,60,0.8226056290282058,0.0213422522694477
4200.0,60,0.823911262590611,0.0211096303449395
4300.0,60,0.8234885500063,0.0208596276717351
4400.0,60,0.8243952395426996,0.0207409285824082
4500.0,60,0.8249998636218286,0.0203616433674429
4600.0,60,0.8259893508155804,0.0202922224743695
4700.0,60,0.8271051540608048,0.0202315516506455
4800.0,60,0.8273695163625823,0.0198640651688565
4900.0,60,0.8294205852159706,0.0190857656199798
5000.0,60,0.8348462666781088,0.0198777544856747
0.0,70,0.0,0.0
100.0,70,0.7160265979072923,0.0841838008487643
200.0,70,0.7731228000291854,0.0788876469407083
300.0,70,0.7813636983766976,0.0635833441083721
400.0,70,0.7899996429246678,0.0552409030401887
500.0,70,0.7917726620759594,0.0483734200076458
600.0,70,0.8010515829496,0.0514381356719285
700.0,70,0.8111359759808328,0.057262403993911
800.0,70,0.8119405359321527,0.0560284661956374
900.0,70,0.809133989797136,0.0528814188655949
1000.0,70,0.809842779486378,0.0485394566554321
1100.0,70,0.8088915546928781,0.0458707030243663
1200.0,70,0.8075821035524475,0.0431456984511645
1300.0,70,0.8103416252992343,0.0410869910908337
1400.0,70,0.8128406514343676,0.0403437844288635
1500.0,70,0.8180284007080894,0.0400027507342679
1600.0,70,0.8172762210916125,0.0376591808284854
1700.0,70,0.8203626109923243,0.0370173689167246
1800.0,70,0.8191025285395394,0.0355004060417511
1900.0,70,0.817081630501251,0.0336388961434586
2000.0,70,0.8139220925074337,0.0317119250686041
2100.0,70,0.8138164640490123,0.0310306421600708
2200.0,70,0.815648088211809,0.0295130307198896
2300.0,70,0.8171622290798591,0.0287171898489324
2400.0,70,0.8175313420450773,0.0280693366233569
2500.0,70,0.8158366180714214,0.0270632307256734
2600.0,70,0.8169461356243213,0.0261218897581481
2700.0,70,0.8188927814742624,0.025943965217424
2800.0,70,0.818223880762524,0.0253611387595331
2900.0,70,0.8177868268564886,0.0248411614558339
3000.0,70,0.8164940842458074,0.0238915296816763
3100.0,70,0.8144713526610914,0.0231053619938073
3200.0,70,0.8112548476178345,0.0222332615888424
3300.0,70,0.8114893785397576,0.021523258680414
3400.0,70,0.8145695352792257,0.0214025030304107
3500.0,70,0.814915212962268,0.0214898630732149
3600.0,70,0.8168371039628507,0.0216446218741311
3700.0,70,0.8189872380060665,0.0221354119340219
3800.0,70,0.8189418348872333,0.0224586190094214
3900.0,70,0.8184962632209558,0.022030057600212
4000.0,70,0.8213757962735379,0.0215176022387567
4100.0,70,0.8230966212069832,0.0216644581086908
4200.0,70,0.8243986936886946,0.0214170774625315
4300.0,70,0.8239743067937018,0.0211732828726558
4400.0,70,0.8248826464920117,0.0210343341761273
4500.0,70,0.8255262049976249,0.0206646721959615
4600.0,70,0.8265373958879447,0.0206002310006468
4700.0,70,0.827574674060579,0.0204965273839423
4800.0,70,0.8278211348288327,0.0201193034323115
4900.0,70,0.8298699282613341,0.0193307161991958
5000.0,70,0.8353499252787355,0.0201240225248936
0.0,80,0.0,0.0
100.0,80,0.7160265979072922,0.0841838008487643
200.0,80,0.7731228000291853,0.0788876469407083
300.0,80,0.781363698376698,0.0635833441083721
400.0,80,0.7899996429246678,0.0552409030401887
500.0,80,0.7917726620759602,0.0483734200076458
600.0,80,0.8010515829495994,0.0514381356719285
700.0,80,0.8111359759808322,0.057262403993911
800.0,80,0.8119405359321523,0.0560284661956374
900.0,80,0.8091339897971361,0.0528814188655949
1000.0,80,0.8098427794863778,0.0485394566554321
1100.0,80,0.808891554692878,0.0458707030243663
1200.0,80,0.8075821035524477,0.0431456984511646
1300.0,80,0.8103416252992343,0.0410869910908337
1400.0,80,0.8128406514343675,0.0403437844288635
1500.0,80,0.8180284007080897,0.0400027507342679
1600.0,80,0.8172762210916125,0.0376591808284853
1700.0,80,0.8203626109923239,0.0370173689167246
1800.0,80,0.8191025285395391,0.0355004060417511
1900.0,80,0.8170816305012516,0.0336388961434586
2000.0,80,0.8139220925074336,0.0317119250686041
2100.0,80,0.8138164640490121,0.0310306421600708
2200.0,80,0.8156480882118091,0.0295130307198896
2300.0,80,0.8171622290798597,0.0287171898489324
2400.0,80,0.817531342045077,0.028069336623357
2500.0,80,0.8158366180714216,0.0270632307256734
2600.0,80,0.8169461356243214,0.0261218897581481
2700.0,80,0.8188927814742625,0.025943965217424
2800.0,80,0.8182238807625241,0.0253611387595331
2900.0,80,0.8177868268564887,0.0248411614558339
3000.0,80,0.816494084245807,0.0238915296816763
3100.0,80,0.814471352661091,0.0231053619938074
3200.0,80,0.8112548476178347,0.0222332615888424
3300.0,80,0.8114893785397579,0.021523258680414
3400.0,80,0.8145695352792256,0.0214025030304107
3500.0,80,0.8149152129622678,0.0214898630732149
3600.0,80,0.8168371039628509,0.0216446218741311
3700.0,80,0.8189872380060668,0.0221354119340219
3800.0,80,0.8189418348872332,0.0224586190094214
3900.0,80,0.8184962632209557,0.022030057600212
4000.0,80,0.8213757962735379,0.0215176022387567
4100.0,80,0.823096621206983,0.0216644581086908
4200.0,80,0.8243986936886947,0.0214170774625315
4300.0,80,0.8239743067937015,0.0211732828726558
4400.0,80,0.8248826464920114,0.0210343341761273
4500.0,80,0.825526204997625,0.0206646721959615
4600.0,80,0.8265373958879451,0.0206002310006468
4700.0,80,0.827574674060579,0.0204965273839423
4800.0,80,0.8278211348288326,0.0201193034323115
4900.0,80,0.8298699282613343,0.0193307161991958
5000.0,80,0.8353499252787355,0.0201240225248936
0.0,90,0.0,0.0
100.0,90,0.716026597907292,0.0841838008487643
200.0,90,0.7731228000291852,0.0788876469407083
300.0,90,0.7813636983766978,0.0635833441083721
400.0,90,0.7899996429246676,0.0552409030401887
500.0,90,0.7917726620759601,0.0483734200076458
600.0,90,0.8010515829495997,0.0514381356719285
700.0,90,0.8111359759808325,0.057262403993911
800.0,90,0.8119405359321524,0.0560284661956374
900.0,90,0.809133989797136,0.0528814188655949
1000.0,90,0.8098427794863778,0.0485394566554321
1100.0,90,0.8088915546928779,0.0458707030243663
1200.0,90,0.8075821035524477,0.0431456984511645
1300.0,90,0.8103416252992344,0.0410869910908337
1400.0,90,0.8128406514343675,0.0403437844288635
1500.0,90,0.8180284007080896,0.0400027507342679
1600.0,90,0.8172762210916124,0.0376591808284854
1700.0,90,0.820362610992324,0.0370173689167246
1800.0,90,0.8191025285395391,0.0355004060417511
1900.0,90,0.8170816305012514,0.0336388961434586
2000.0,90,0.8139220925074339,0.0317119250686041
2100.0,90,0.8138164640490124,0.0310306421600708
2200.0,90,0.8156480882118088,0.0295130307198896
2300.0,90,0.8171622290798594,0.0287171898489324
2400.0,90,0.8175313420450767,0.028069336623357
2500.0,90,0.8158366180714213,0.0270632307256734
2600.0,90,0.8169461356243214,0.0261218897581481
2700.0,90,0.818892781474262,0.025943965217424
2800.0,90,0.8182238807625238,0.0253611387595331
2900.0,90,0.8177868268564888,0.0248411614558339
3000.0,90,0.8164940842458075,0.0238915296816763
3100.0,90,0.8144713526610912,0.0231053619938073
3200.0,90,0.8112548476178346,0.0222332615888424
3300.0,90,0.811489378539758,0.021523258680414
3400.0,90,0.8145695352792255,0.0214025030304107
3500.0,90,0.8149152129622678,0.0214898630732149
3600.0,90,0.8168371039628508,0.0216446218741311
3700.0,90,0.8189872380060665,0.0221354119340219
3800.0,90,0.8189418348872334,0.0224586190094213
3900.0,90,0.8184962632209557,0.022030057600212
4000.0,90,0.8213757962735376,0.0215176022387567
4100.0,90,0.8230966212069835,0.0216644581086908
4200.0,90,0.8243986936886945,0.0214170774625316
4300.0,90,0.823974306793702,0.0211732828726558
4400.0,90,0.8248826464920113,0.0210343341761273
4500.0,90,0.8255262049976247,0.0206646721959615
4600.0,90,0.8265373958879452,0.0206002310006468
4700.0,90,0.8275746740605788,0.0204965273839423
4800.0,90,0.8278211348288324,0.0201193034323115
4900.0,90,0.8298699282613339,0.0193307161991958
5000.0,90,0.8353499252787357,0.0201240225248936
0.0,100,0.0,0.0
100.0,100,0.7160265979072922,0.0841838008487643
200.0,100,0.7731228000291852,0.0788876469407083
300.0,100,0.7813636983766978,0.0635833441083721
400.0,100,0.7899996429246677,0.0552409030401887
500.0,100,0.7917726620759601,0.0483734200076458
600.0,100,0.8010515829496,0.0514381356719285
700.0,100,0.8111359759808321,0.057262403993911
800.0,100,0.8119405359321519,0.0560284661956374
900.0,100,0.8091339897971359,0.0528814188655949
1000.0,100,0.809842779486378,0.0485394566554321
1100.0,100,0.8088915546928779,0.0458707030243663
1200.0,100,0.8075821035524477,0.0431456984511645
1300.0,100,0.8103416252992343,0.0410869910908337
1400.0,100,0.8128406514343677,0.0403437844288635
1500.0,100,0.8180284007080897,0.0400027507342679
1600.0,100,0.8172762210916119,0.0376591808284854
1700.0,100,0.8203626109923238,0.0370173689167246
1800.0,100,0.8191025285395397,0.0355004060417512
1900.0,100,0.8170816305012512,0.0336388961434586
2000.0,100,0.8139220925074337,0.0317119250686041
2100.0,100,0.8138164640490122,0.0310306421600708
2200.0,100,0.8156480882118091,0.0295130307198896
2300.0,100,0.8171622290798597,0.0287171898489324
2400.0,100,0.8175313420450768,0.028069336623357
2500.0,100,0.8158366180714215,0.0270632307256734
2600.0,100,0.8169461356243212,0.0261218897581481
2700.0,100,0.8188927814742623,0.025943965217424
2800.0,100,0.8182238807625242,0.0253611387595331
2900.0,100,0.8177868268564886,0.0248411614558339
3000.0,100,0.8164940842458074,0.0238915296816763
3100.0,100,0.8144713526610914,0.0231053619938073
3200.0,100,0.8112548476178344,0.0222332615888424
3300.0,100,0.8114893785397577,0.021523258680414
3400.0,100,0.8145695352792256,0.0214025030304107
3500.0,100,0.8149152129622679,0.0214898630732149
3600.0,100,0.8168371039628513,0.0216446218741311
3700.0,100,0.8189872380060667,0.0221354119340219
3800.0,100,0.8189418348872327,0.0224586190094214
3900.0,100,0.8184962632209556,0.022030057600212
4000.0,100,0.8213757962735375,0.0215176022387567
4100.0,100,0.8230966212069832,0.0216644581086908
4200.0,100,0.8243986936886946,0.0214170774625316
4300.0,100,0.8239743067937015,0.0211732828726558
4400.0,100,0.8248826464920113,0.0210343341761273
4500.0,100,0.8255262049976245,0.0206646721959615
4600.0,100,0.8265373958879448,0.0206002310006468
4700.0,100,0.8275746740605787,0.0204965273839423
4800.0,100,0.8278211348288321,0.0201193034323115
4900.0,100,0.8298699282613343,0.0193307161991958
5000.0,100,0.8353499252787359,0.0201240225248936
0.0,110,0.0,0.0
100.0,110,0.7160265979072921,0.0841838008487643
200.0,110,0.7731228000291854,0.0788876469407083
300.0,110,0.781363698376698,0.0635833441083721
400.0,110,0.7899996429246677,0.0552409030401887
500.0,110,0.79177266207596,0.0483734200076458
600.0,110,0.8010515829495997,0.0514381356719285
700.0,110,0.8111359759808325,0.057262403993911
800.0,110,0.8119405359321522,0.0560284661956374
900.0,110,0.8091339897971357,0.0528814188655949
1000.0,110,0.8098427794863784,0.0485394566554321
1100.0,110,0.8088915546928781,0.0458707030243663
1200.0,110,0.8075821035524477,0.0431456984511645
1300.0,110,0.8103416252992341,0.0410869910908337
1400.0,110,0.8128406514343678,0.0403437844288635
1500.0,110,0.8180284007080898,0.0400027507342679
1600.0,110,0.8172762210916121,0.0376591808284853
1700.0,110,0.8203626109923238,0.0370173689167246
1800.0,110,0.8191025285395397,0.0355004060417511
1900.0,110,0.8170816305012512,0.0336388961434586
2000.0,110,0.813922092507434,0.0317119250686041
2100.0,110,0.8138164640490125,0.0310306421600708
2200.0,110,0.8156480882118088,0.0295130307198896
2300.0,110,0.8171622290798591,0.0287171898489324
2400.0,110,0.8175313420450767,0.028069336623357
2500.0,110,0.8158366180714214,0.0270632307256734
2600.0,110,0.8169461356243214,0.0261218897581481
2700.0,110,0.8188927814742626,0.0259439652174239
2800.0,110,0.8182238807625244,0.0253611387595331
2900.0,110,0.8177868268564884,0.0248411614558339
3000.0,110,0.8164940842458072,0.0238915296816763
3100.0,110,0.8144713526610912,0.0231053619938073
3200.0,110,0.8112548476178344,0.0222332615888424
3300.0,110,0.8114893785397581,0.021523258680414
3400.0,110,0.8145695352792254,0.0214025030304107
3500.0,110,0.8149152129622677,0.0214898630732149
3600.0,110,0.8168371039628511,0.0216446218741311
3700.0,110,0.8189872380060665,0.0221354119340219
3800.0,110,0.8189418348872332,0.0224586190094214
3900.0,110,0.8184962632209555,0.022030057600212
4000.0,110,0.8213757962735377,0.0215176022387567
4100.0,110,0.8230966212069835,0.0216644581086908
4200.0,110,0.8243986936886947,0.0214170774625315
4300.0,110,0.8239743067937018,0.0211732828726558
4400.0,110,0.8248826464920114,0.0210343341761273
4500.0,110,0.8255262049976247,0.0206646721959615
4600.0,110,0.8265373958879448,0.0206002310006468
4700.0,110,0.8275746740605789,0.0204965273839423
4800.0,110,0.8278211348288324,0.0201193034323115
4900.0,110,0.8298699282613342,0.0193307161991958
5000.0,110,0.8353499252787356,0.0201240225248936
0.0,120,0.0,0.0
100.0,120,0.7160265979072922,0.0841838008487643
200.0,120,0.773122800029185,0.0788876469407083
300.0,120,0.781363698376698,0.0635833441083721
400.0,120,0.7899996429246676,0.0552409030401887
500.0,120,0.7917726620759602,0.0483734200076458
600.0,120,0.8010515829495997,0.0514381356719285
700.0,120,0.8111359759808326,0.057262403993911
800.0,120,0.8119405359321521,0.0560284661956375
900.0,120,0.8091339897971359,0.0528814188655949
1000.0,120,0.8098427794863781,0.0485394566554321
1100.0,120,0.808891554692878,0.0458707030243663
1200.0,120,0.8075821035524477,0.0431456984511645
1300.0,120,0.8103416252992344,0.0410869910908337
1400.0,120,0.8128406514343676,0.0403437844288635
1500.0,120,0.8180284007080897,0.0400027507342679
1600.0,120,0.8172762210916122,0.0376591808284854
1700.0,120,0.8203626109923238,0.0370173689167246
1800.0,120,0.8191025285395395,0.0355004060417511
1900.0,120,0.8170816305012513,0.0336388961434586
2000.0,120,0.8139220925074336,0.0317119250686041
2100.0,120,0.8138164640490125,0.0310306421600708
2200.0,120,0.8156480882118091,0.0295130307198896
2300.0,120,0.8171622290798592,0.0287171898489324
2400.0,120,0.817531342045077,0.028069336623357
2500.0,120,0.8158366180714214,0.0270632307256734
2600.0,120,0.8169461356243211,0.0261218897581481
2700.0,120,0.8188927814742626,0.025943965217424
2800.0,120,0.8182238807625243,0.0253611387595331
2900.0,120,0.8177868268564886,0.0248411614558339
3000.0,120,0.8164940842458073,0.0238915296816763
3100.0,120,0.8144713526610912,0.0231053619938073
3200.0,120,0.8112548476178346,0.0222332615888424
3300.0,120,0.8114893785397579,0.021523258680414
3400.0,120,0.8145695352792256,0.0214025030304107
3500.0,120,0.8149152129622681,0.0214898630732149
3600.0,120,0.8168371039628509,0.0216446218741311
3700.0,120,0.8189872380060668,0.0221354119340219
3800.0,120,0.8189418348872329,0.0224586190094214
3900.0,120,0.8184962632209556,0.022030057600212
4000.0,120,0.8213757962735375,0.0215176022387567
4100.0,120,0.8230966212069832,0.0216644581086908
4200.0,120,0.8243986936886945,0.0214170774625316
4300.0,120,0.8239743067937018,0.0211732828726558
4400.0,120,0.8248826464920116,0.0210343341761273
4500.0,120,0.8255262049976247,0.0206646721959615
4600.0,120,0.8265373958879448,0.0206002310006468
4700.0,120,0.8275746740605788,0.0204965273839423
4800.0,120,0.8278211348288325,0.0201193034323115
4900.0,120,0.8298699282613344,0.0193307161991958
5000.0,120,0.8353499252787356,0.0201240225248936
0.0,130,0.0,0.0
100.0,130,0.7160265979072921,0.0841838008487643
200.0,130,0.7731228000291851,0.0788876469407083
300.0,130,0.7813636983766978,0.0635833441083721
400.0,130,0.7899996429246676,0.0552409030401887
500.0,130,0.79177266207596,0.0483734200076458
600.0,130,0.8010515829495998,0.0514381356719285
700.0,130,0.8111359759808325,0.057262403993911
800.0,130,0.8119405359321524,0.0560284661956374
900.0,130,0.809133989797136,0.0528814188655949
1000.0,130,0.8098427794863778,0.0485394566554321
1100.0,130,0.8088915546928779,0.0458707030243663
1200.0,130,0.807582103552448,0.0431456984511645
1300.0,130,0.8103416252992344,0.0410869910908337
1400.0,130,0.8128406514343678,0.0403437844288635
1500.0,130,0.8180284007080898,0.0400027507342679
1600.0,130,0.8172762210916122,0.0376591808284853
1700.0,130,0.820362610992324,0.0370173689167246
1800.0,130,0.8191025285395392,0.0355004060417511
1900.0,130,0.8170816305012512,0.0336388961434586
2000.0,130,0.813922092507434,0.0317119250686041
2100.0,130,0.8138164640490125,0.0310306421600708
2200.0,130,0.815648088211809,0.0295130307198896
2300.0,130,0.8171622290798594,0.0287171898489324
2400.0,130,0.8175313420450765,0.028069336623357
2500.0,130,0.8158366180714217,0.0270632307256734
2600.0,130,0.8169461356243213,0.0261218897581481
2700.0,130,0.8188927814742625,0.025943965217424
2800.0,130,0.8182238807625242,0.0253611387595331
2900.0,130,0.8177868268564885,0.0248411614558339
3000.0,130,0.8164940842458072,0.0238915296816763
3100.0,130,0.8144713526610914,0.0231053619938073
3200.0,130,0.8112548476178346,0.0222332615888424
3300.0,130,0.8114893785397578,0.021523258680414
3400.0,130,0.8145695352792254,0.0214025030304107
3500.0,130,0.8149152129622681,0.0214898630732149
3600.0,130,0.8168371039628509,0.0216446218741311
3700.0,130,0.8189872380060669,0.0221354119340219
3800.0,130,0.8189418348872329,0.0224586190094214
3900.0,130,0.8184962632209556,0.022030057600212
4000.0,130,0.8213757962735377,0.0215176022387567
4100.0,130,0.8230966212069835,0.0216644581086908
4200.0,130,0.8243986936886945,0.0214170774625316
4300.0,130,0.8239743067937015,0.0211732828726558
4400.0,130,0.8248826464920114,0.0210343341761273
4500.0,130,0.8255262049976245,0.0206646721959615
4600.0,130,0.8265373958879446,0.0206002310006468
4700.0,130,0.8275746740605789,0.0204965273839423
4800.0,130,0.8278211348288322,0.0201193034323115
4900.0,130,0.8298699282613341,0.0193307161991958
5000.0,130,0.8353499252787356,0.0201240225248936
0.0,140,0.0,0.0
100.0,140,0.716026597907292,0.0841838008487643
200.0,140,0.7731228000291853,0.0788876469407083
300.0,140,0.7813636983766977,0.0635833441083721
400.0,140,0.7899996429246677,0.0552409030401887
500.0,140,0.7917726620759602,0.0483734200076458
600.0,140,0.8010515829495997,0.0514381356719285
700.0,140,0.8111359759808323,0.057262403993911
800.0,140,0.8119405359321522,0.0560284661956375
900.0,140,0.8091339897971361,0.0528814188655949
1000.0,140,0.8098427794863781,0.0485394566554321
1100.0,140,0.8088915546928783,0.0458707030243663
1200.0,140,0.8075821035524479,0.0431456984511645
1300.0,140,0.8103416252992343,0.0410869910908337
1400.0,140,0.8128406514343677,0.0403437844288635
1500.0,140,0.8180284007080897,0.0400027507342679
1600.0,140,0.8172762210916124,0.0376591808284854
1700.0,140,0.8203626109923242,0.0370173689167246
1800.0,140,0.8191025285395397,0.0355004060417512
1900.0,140,0.8170816305012509,0.0336388961434586
2000.0,140,0.813922092507434,0.0317119250686041
2100.0,140,0.8138164640490124,0.0310306421600708
2200.0,140,0.8156480882118093,0.0295130307198896
2300.0,140,0.8171622290798595,0.0287171898489324
2400.0,140,0.8175313420450768,0.028069336623357
2500.0,140,0.8158366180714216,0.0270632307256734
2600.0,140,0.8169461356243212,0.0261218897581481
2700.0,140,0.8188927814742621,0.025943965217424
2800.0,140,0.8182238807625241,0.0253611387595331
2900.0,140,0.8177868268564886,0.0248411614558339
3000.0,140,0.8164940842458073,0.0238915296816763
3100.0,140,0.8144713526610913,0.0231053619938073
3200.0,140,0.8112548476178345,0.0222332615888424
3300.0,140,0.8114893785397578,0.021523258680414
3400.0,140,0.8145695352792258,0.0214025030304107
3500.0,140,0.8149152129622678,0.0214898630732149
3600.0,140,0.8168371039628509,0.0216446218741311
3700.0,140,0.8189872380060664,0.0221354119340219
3800.0,140,0.818941834887233,0.0224586190094214
3900.0,140,0.8184962632209555,0.022030057600212
4000.0,140,0.8213757962735377,0.0215176022387567
4100.0,140,0.8230966212069832,0.0216644581086907
4200.0,140,0.8243986936886945,0.0214170774625316
4300.0,140,0.8239743067937015,0.0211732828726558
4400.0,140,0.8248826464920114,0.0210343341761273
4500.0,140,0.8255262049976247,0.0206646721959615
4600.0,140,0.826537395887945,0.0206002310006468
4700.0,140,0.8275746740605789,0.0204965273839423
4800.0,140,0.8278211348288329,0.0201193034323115
4900.0,140,0.8298699282613342,0.0193307161991958
5000.0,140,0.8353499252787353,0.0201240225248936
0.0,150,0.0,0.0
100.0,150,0.7160265979072921,0.0841838008487643
200.0,150,0.7731228000291853,0.0788876469407083
300.0,150,0.7813636983766977,0.063583344108372
400.0,150,0.7899996429246677,0.0552409030401887
500.0,150,0.7917726620759598,0.0483734200076458
600.0,150,0.8010515829495999,0.0514381356719285
700.0,150,0.8111359759808323,0.057262403993911
800.0,150,0.8119405359321524,0.0560284661956374
900.0,150,0.8091339897971359,0.0528814188655949
1000.0,150,0.809842779486378,0.0485394566554321
1100.0,150,0.8088915546928782,0.0458707030243663
1200.0,150,0.8075821035524476,0.0431456984511645
1300.0,150,0.8103416252992344,0.0410869910908337
1400.0,150,0.8128406514343671,0.0403437844288635
1500.0,150,0.8180284007080897,0.0400027507342679
1600.0,150,0.8172762210916122,0.0376591808284853
1700.0,150,0.820362610992324,0.0370173689167246
1800.0,150,0.8191025285395394,0.0355004060417512
1900.0,150,0.8170816305012512,0.0336388961434586
2000.0,150,0.8139220925074341,0.0317119250686041
2100.0,150,0.8138164640490122,0.0310306421600708
2200.0,150,0.8156480882118092,0.0295130307198896
2300.0,150,0.8171622290798592,0.0287171898489324
2400.0,150,0.8175313420450767,0.028069336623357
2500.0,150,0.8158366180714217,0.0270632307256734
2600.0,150,0.8169461356243212,0.0261218897581481
2700.0,150,0.8188927814742623,0.025943965217424
2800.0,150,0.8182238807625241,0.0253611387595331
2900.0,150,0.8177868268564886,0.0248411614558339
3000.0,150,0.8164940842458074,0.0238915296816763
3100.0,150,0.8144713526610914,0.0231053619938073
3200.0,150,0.8112548476178346,0.0222332615888424
3300.0,150,0.8114893785397578,0.021523258680414
3400.0,150,0.814569535279226,0.0214025030304107
3500.0,150,0.8149152129622678,0.0214898630732149
3600.0,150,0.8168371039628509,0.0216446218741311
3700.0,150,0.8189872380060667,0.0221354119340219
3800.0,150,0.8189418348872329,0.0224586190094214
3900.0,150,0.8184962632209554,0.022030057600212
4000.0,150,0.8213757962735374,0.0215176022387567
4100.0,150,0.8230966212069831,0.0216644581086908
4200.0,150,0.8243986936886946,0.0214170774625315
4300.0,150,0.8239743067937016,0.0211732828726558
4400.0,150,0.8248826464920114,0.0210343341761273
4500.0,150,0.8255262049976247,0.0206646721959615
4600.0,150,0.8265373958879446,0.0206002310006468
4700.0,150,0.8275746740605787,0.0204965273839423
4800.0,150,0.8278211348288325,0.0201193034323115
4900.0,150,0.8298699282613342,0.0193307161991958
5000.0,150,0.8353499252787356,0.0201240225248936
0.0,160,0.0,0.0
100.0,160,0.7160265979072921,0.0841838008487643
200.0,160,0.7731228000291851,0.0788876469407083
300.0,160,0.7813636983766978,0.063583344108372
400.0,160,0.7899996429246676,0.0552409030401887
500.0,160,0.7917726620759596,0.0483734200076458
600.0,160,0.8010515829495999,0.0514381356719285
700.0,160,0.8111359759808325,0.057262403993911
800.0,160,0.8119405359321525,0.0560284661956374
900.0,160,0.8091339897971364,0.0528814188655949
1000.0,160,0.809842779486378,0.0485394566554321
1100.0,160,0.8088915546928781,0.0458707030243663
1200.0,160,0.8075821035524474,0.0431456984511645
1300.0,160,0.810341625299234,0.0410869910908337
1400.0,160,0.8128406514343675,0.0403437844288635
1500.0,160,0.8180284007080895,0.0400027507342679
1600.0,160,0.8172762210916126,0.0376591808284853
1700.0,160,0.8203626109923239,0.0370173689167246
1800.0,160,0.8191025285395394,0.0355004060417511
1900.0,160,0.8170816305012512,0.0336388961434586
2000.0,160,0.813922092507434,0.0317119250686041
2100.0,160,0.8138164640490122,0.0310306421600708
2200.0,160,0.8156480882118091,0.0295130307198896
2300.0,160,0.8171622290798597,0.0287171898489324
2400.0,160,0.817531342045077,0.0280693366233569
2500.0,160,0.8158366180714218,0.0270632307256734
2600.0,160,0.8169461356243214,0.0261218897581481
2700.0,160,0.8188927814742623,0.025943965217424
2800.0,160,0.8182238807625237,0.0253611387595332
2900.0,160,0.8177868268564888,0.0248411614558339
3000.0,160,0.8164940842458073,0.0238915296816763
3100.0,160,0.8144713526610913,0.0231053619938074
3200.0,160,0.8112548476178344,0.0222332615888424
3300.0,160,0.811489378539758,0.021523258680414
3400.0,160,0.8145695352792259,0.0214025030304107
3500.0,160,0.8149152129622679,0.0214898630732149
3600.0,160,0.816837103962851,0.0216446218741311
3700.0,160,0.8189872380060665,0.0221354119340219
3800.0,160,0.8189418348872334,0.0224586190094214
3900.0,160,0.8184962632209559,0.022030057600212
4000.0,160,0.8213757962735374,0.0215176022387567
4100.0,160,0.8230966212069833,0.0216644581086908
4200.0,160,0.8243986936886946,0.0214170774625316
4300.0,160,0.8239743067937016,0.0211732828726558
4400.0,160,0.8248826464920116,0.0210343341761273
4500.0,160,0.8255262049976249,0.0206646721959615
4600.0,160,0.8265373958879452,0.0206002310006468
4700.0,160,0.8275746740605793,0.0204965273839423
4800.0,160,0.8278211348288325,0.0201193034323115
4900.0,160,0.8298699282613338,0.0193307161991958
5000.0,160,0.8353499252787357,0.0201240225248936
