Seed,SI_max,Arrival_Rate,Time,Transient_Response_Time_Mean,Transient_Response_Time_Variance,Transient_Response_Time_CI95
8,80,3,0.0,0.0,0.0,0.0
8,80,3,100.0,0.29788638333714657,0.0,0.0
8,80,3,200.0,0.30213478576665564,0.0,0.0
8,80,3,300.0,0.3008444259022631,0.0,0.0
8,80,3,400.0,0.38672479413921484,0.0,0.0
8,80,3,500.0,0.36257170440198827,0.0,0.0
8,80,3,600.0,0.34005161064126466,0.0,0.0
8,80,3,700.0,0.4273527754120557,0.0,0.0
8,80,3,800.0,0.4957219926919095,0.0,0.0
8,80,3,900.0,0.47726229198154285,0.0,0.0
8,80,3,1000.0,0.46843552360320734,0.0,0.0
8,80,3,1100.0,0.445597700032745,0.0,0.0
8,80,3,1200.0,0.4729612461924428,0.0,0.0
8,80,3,1300.0,0.4977286387337859,0.0,0.0
8,80,3,1400.0,0.4962229950070814,0.0,0.0
8,80,3,1500.0,0.49590812752402474,0.0,0.0
8,80,3,1600.0,0.4802713751467537,0.0,0.0
8,80,3,1700.0,0.4664950098808773,0.0,0.0
8,80,3,1800.0,0.45652862577176856,0.0,0.0
8,80,3,1900.0,0.44381066536723907,0.0,0.0
8,80,3,2000.0,0.43546599480781056,0.0,0.0
8,80,3,2100.0,0.42829619726290147,0.0,0.0
8,80,3,2200.0,0.420724287826955,0.0,0.0
8,80,3,2300.0,0.4198875124115401,0.0,0.0
8,80,3,2400.0,0.4208908465102081,0.0,0.0
8,80,3,2500.0,0.41681718524138833,0.0,0.0
8,80,3,2600.0,0.4120433287854173,0.0,0.0
8,80,3,2700.0,0.4114227703722049,0.0,0.0
8,80,3,2800.0,0.40653607702704603,0.0,0.0
8,80,3,2900.0,0.4062961842788103,0.0,0.0
8,80,3,3000.0,0.42498020543073733,0.0,0.0
8,80,3,3100.0,0.4273360691523852,0.0,0.0
8,80,3,3200.0,0.42674700603738586,0.0,0.0
8,80,3,3300.0,0.42007752618132777,0.0,0.0
8,80,3,3400.0,0.4205213616704273,0.0,0.0
8,80,3,3500.0,0.44265321341115615,0.0,0.0
8,80,3,3600.0,0.4374047029068562,0.0,0.0
8,80,3,3700.0,0.4352097097270383,0.0,0.0
8,80,3,3800.0,0.4315967717321266,0.0,0.0
8,80,3,3900.0,0.43140903934159874,0.0,0.0
8,80,3,4000.0,0.43190586535623193,0.0,0.0
8,80,3,4100.0,0.43130712770567536,0.0,0.0
8,80,3,4200.0,0.4388709776814661,0.0,0.0
8,80,3,4300.0,0.4377614975345596,0.0,0.0
8,80,3,4400.0,0.4408197608824292,0.0,0.0
8,80,3,4500.0,0.44822043312871834,0.0,0.0
8,80,3,4600.0,0.46333312189349274,0.0,0.0
8,80,3,4700.0,0.458219899163007,0.0,0.0
8,80,3,4800.0,0.46105814009694446,0.0,0.0
8,80,3,4900.0,0.45660777012152454,0.0,0.0
8,80,3,5000.0,0.4563259258193858,0.0,0.0
8,80,6,0.0,0.0,0.0,0.0
8,80,6,100.0,1.0600851857865368,0.0,0.0
8,80,6,200.0,1.005471119301102,0.0,0.0
8,80,6,300.0,1.1539902793757535,0.0,0.0
8,80,6,400.0,1.5948458312157257,0.0,0.0
8,80,6,500.0,1.919177293336107,0.0,0.0
8,80,6,600.0,2.161203681351347,0.0,0.0
8,80,6,700.0,2.5602240117064263,0.0,0.0
8,80,6,800.0,2.8429988300701963,0.0,0.0
8,80,6,900.0,2.7769421753860364,0.0,0.0
8,80,6,1000.0,2.61734396612456,0.0,0.0
8,80,6,1100.0,2.5188611540503425,0.0,0.0
8,80,6,1200.0,2.569686931665755,0.0,0.0
8,80,6,1300.0,2.778811770579444,0.0,0.0
8,80,6,1400.0,2.7897935164250605,0.0,0.0
8,80,6,1500.0,2.7273219056793168,0.0,0.0
8,80,6,1600.0,2.7139637576797377,0.0,0.0
8,80,6,1700.0,2.6353668942455672,0.0,0.0
8,80,6,1800.0,2.7302784979539525,0.0,0.0
8,80,6,1900.0,2.8067999039273435,0.0,0.0
8,80,6,2000.0,2.7347343670495916,0.0,0.0
8,80,6,2100.0,2.714457819425357,0.0,0.0
8,80,6,2200.0,2.7116041437515612,0.0,0.0
8,80,6,2300.0,2.801027776195508,0.0,0.0
8,80,6,2400.0,2.881879894170827,0.0,0.0
8,80,6,2500.0,2.8586062945363633,0.0,0.0
8,80,6,2600.0,2.846006978771037,0.0,0.0
8,80,6,2700.0,2.9550371633629045,0.0,0.0
8,80,6,2800.0,3.0305792263002695,0.0,0.0
8,80,6,2900.0,3.15664537139591,0.0,0.0
8,80,6,3000.0,3.2550829078479375,0.0,0.0
8,80,6,3100.0,3.206627418907122,0.0,0.0
8,80,6,3200.0,3.220852958300756,0.0,0.0
8,80,6,3300.0,3.312556199301371,0.0,0.0
8,80,6,3400.0,3.4274813398547943,0.0,0.0
8,80,6,3500.0,3.503518117270684,0.0,0.0
8,80,6,3600.0,3.4667133471485445,0.0,0.0
8,80,6,3700.0,3.427980047348105,0.0,0.0
8,80,6,3800.0,3.378222888850787,0.0,0.0
8,80,6,3900.0,3.3301471833355976,0.0,0.0
8,80,6,4000.0,3.2952194758794016,0.0,0.0
8,80,6,4100.0,3.306306685835924,0.0,0.0
8,80,6,4200.0,3.320641288673456,0.0,0.0
8,80,6,4300.0,3.304530774904649,0.0,0.0
8,80,6,4400.0,3.343353542221752,0.0,0.0
8,80,6,4500.0,3.29089752851197,0.0,0.0
8,80,6,4600.0,3.257128705126774,0.0,0.0
8,80,6,4700.0,3.22941111324476,0.0,0.0
8,80,6,4800.0,3.278446543169625,0.0,0.0
8,80,6,4900.0,3.2827338019761,0.0,0.0
8,80,6,5000.0,3.252198694082126,0.0,0.0
8,80,9,0.0,0.0,0.0,0.0
8,80,9,100.0,3.4585251497397826,0.0,0.0
8,80,9,200.0,4.4703476854739685,0.0,0.0
8,80,9,300.0,5.532306391912231,0.0,0.0
8,80,9,400.0,6.07106763737655,0.0,0.0
8,80,9,500.0,6.324039399703071,0.0,0.0
8,80,9,600.0,6.533694006760124,0.0,0.0
8,80,9,700.0,6.650613846430508,0.0,0.0
8,80,9,800.0,6.711573669274961,0.0,0.0
8,80,9,900.0,6.79664861039055,0.0,0.0
8,80,9,1000.0,6.852756153190409,0.0,0.0
8,80,9,1100.0,6.960890110212678,0.0,0.0
8,80,9,1200.0,6.974858410491096,0.0,0.0
8,80,9,1300.0,6.996720474307073,0.0,0.0
8,80,9,1400.0,7.033231270753059,0.0,0.0
8,80,9,1500.0,7.060029891399174,0.0,0.0
8,80,9,1600.0,7.152510605006645,0.0,0.0
8,80,9,1700.0,7.1907622894119845,0.0,0.0
8,80,9,1800.0,7.170423568588595,0.0,0.0
8,80,9,1900.0,7.228551024839127,0.0,0.0
8,80,9,2000.0,7.290389487705168,0.0,0.0
8,80,9,2100.0,7.397445758325531,0.0,0.0
8,80,9,2200.0,7.409263220372706,0.0,0.0
8,80,9,2300.0,7.485775758852004,0.0,0.0
8,80,9,2400.0,7.542598860519181,0.0,0.0
8,80,9,2500.0,7.551842153239958,0.0,0.0
8,80,9,2600.0,7.586603757288899,0.0,0.0
8,80,9,2700.0,7.573258410348758,0.0,0.0
8,80,9,2800.0,7.574114899176958,0.0,0.0
8,80,9,2900.0,7.548153690021541,0.0,0.0
8,80,9,3000.0,7.580506725563851,0.0,0.0
8,80,9,3100.0,7.646171038591181,0.0,0.0
8,80,9,3200.0,7.6596348712412965,0.0,0.0
8,80,9,3300.0,7.698122065107271,0.0,0.0
8,80,9,3400.0,7.705951214733882,0.0,0.0
8,80,9,3500.0,7.703023129691985,0.0,0.0
8,80,9,3600.0,7.675332961891788,0.0,0.0
8,80,9,3700.0,7.659027029567596,0.0,0.0
8,80,9,3800.0,7.654968021471882,0.0,0.0
8,80,9,3900.0,7.670535663141393,0.0,0.0
8,80,9,4000.0,7.6994809855805935,0.0,0.0
8,80,9,4100.0,7.698908261600416,0.0,0.0
8,80,9,4200.0,7.680336718836213,0.0,0.0
8,80,9,4300.0,7.653734869437135,0.0,0.0
8,80,9,4400.0,7.668534221189319,0.0,0.0
8,80,9,4500.0,7.710036410630264,0.0,0.0
8,80,9,4600.0,7.6896766277775885,0.0,0.0
8,80,9,4700.0,7.706912161660285,0.0,0.0
8,80,9,4800.0,7.698561823912813,0.0,0.0
8,80,9,4900.0,7.716632833940605,0.0,0.0
8,80,9,5000.0,7.715749295208991,0.0,0.0
8,80,12,0.0,0.0,0.0,0.0
8,80,12,100.0,4.337468226212504,0.0,0.0
8,80,12,200.0,5.12698176415433,0.0,0.0
8,80,12,300.0,5.856552906802253,0.0,0.0
8,80,12,400.0,6.349277828469969,0.0,0.0
8,80,12,500.0,6.344953912121101,0.0,0.0
8,80,12,600.0,6.347633174648471,0.0,0.0
8,80,12,700.0,6.582751200917549,0.0,0.0
8,80,12,800.0,6.706885911942165,0.0,0.0
8,80,12,900.0,6.6735136138779145,0.0,0.0
8,80,12,1000.0,6.7944188225180815,0.0,0.0
8,80,12,1100.0,6.877355801931272,0.0,0.0
8,80,12,1200.0,6.966139965511069,0.0,0.0
8,80,12,1300.0,6.98752402734902,0.0,0.0
8,80,12,1400.0,6.958764001221735,0.0,0.0
8,80,12,1500.0,6.927713654006609,0.0,0.0
8,80,12,1600.0,6.999808432757674,0.0,0.0
8,80,12,1700.0,7.092981258440194,0.0,0.0
8,80,12,1800.0,7.090165264373561,0.0,0.0
8,80,12,1900.0,7.083684541732273,0.0,0.0
8,80,12,2000.0,7.129592756325325,0.0,0.0
8,80,12,2100.0,7.247783430553483,0.0,0.0
8,80,12,2200.0,7.534870070163888,0.0,0.0
8,80,12,2300.0,7.7233506852003355,0.0,0.0
8,80,12,2400.0,7.988006339829186,0.0,0.0
8,80,12,2500.0,8.144555439140658,0.0,0.0
8,80,12,2600.0,8.280183365271512,0.0,0.0
8,80,12,2700.0,8.388931319747282,0.0,0.0
8,80,12,2800.0,8.431612030033564,0.0,0.0
8,80,12,2900.0,8.455218655510537,0.0,0.0
8,80,12,3000.0,8.433349529552101,0.0,0.0
8,80,12,3100.0,8.41264447636282,0.0,0.0
8,80,12,3200.0,8.497466781880972,0.0,0.0
8,80,12,3300.0,8.572045840506926,0.0,0.0
8,80,12,3400.0,8.566138717895335,0.0,0.0
8,80,12,3500.0,8.526877414781842,0.0,0.0
8,80,12,3600.0,8.47868638848318,0.0,0.0
8,80,12,3700.0,8.436091904973647,0.0,0.0
8,80,12,3800.0,8.405801571682074,0.0,0.0
8,80,12,3900.0,8.37292835224203,0.0,0.0
8,80,12,4000.0,8.343963703537279,0.0,0.0
8,80,12,4100.0,8.310487049472556,0.0,0.0
8,80,12,4200.0,8.282708648761696,0.0,0.0
8,80,12,4300.0,8.247066820126529,0.0,0.0
8,80,12,4400.0,8.236136475759938,0.0,0.0
8,80,12,4500.0,8.23581433397875,0.0,0.0
8,80,12,4600.0,8.232345858940402,0.0,0.0
8,80,12,4700.0,8.240027404045177,0.0,0.0
8,80,12,4800.0,8.236911503354351,0.0,0.0
8,80,12,4900.0,8.260024708534743,0.0,0.0
8,80,12,5000.0,8.291718146494407,0.0,0.0
9,80,3,0.0,0.0,0.0,0.0
9,80,3,100.0,0.20785688779465705,0.0,0.0
9,80,3,200.0,0.23097810779855069,0.0,0.0
9,80,3,300.0,0.2756471367204563,0.0,0.0
9,80,3,400.0,0.2930185088541585,0.0,0.0
9,80,3,500.0,0.5156282696703482,0.0,0.0
9,80,3,600.0,0.5197375761402236,0.0,0.0
9,80,3,700.0,0.48406606854492223,0.0,0.0
9,80,3,800.0,0.4615734694882596,0.0,0.0
9,80,3,900.0,0.4361885706280679,0.0,0.0
9,80,3,1000.0,0.4903050687566632,0.0,0.0
9,80,3,1100.0,0.5048877308453391,0.0,0.0
9,80,3,1200.0,0.5189827593513984,0.0,0.0
9,80,3,1300.0,0.5100933467138913,0.0,0.0
9,80,3,1400.0,0.49764548479808196,0.0,0.0
9,80,3,1500.0,0.48309092949656696,0.0,0.0
9,80,3,1600.0,0.523444191966342,0.0,0.0
9,80,3,1700.0,0.5226022492401043,0.0,0.0
9,80,3,1800.0,0.5196319821396272,0.0,0.0
9,80,3,1900.0,0.5162982740439785,0.0,0.0
9,80,3,2000.0,0.5031669167578866,0.0,0.0
9,80,3,2100.0,0.49685191402906276,0.0,0.0
9,80,3,2200.0,0.48938552716792644,0.0,0.0
9,80,3,2300.0,0.49704604197814073,0.0,0.0
9,80,3,2400.0,0.5095342212505253,0.0,0.0
9,80,3,2500.0,0.5010997409601098,0.0,0.0
9,80,3,2600.0,0.5095642827705892,0.0,0.0
9,80,3,2700.0,0.5008638235666527,0.0,0.0
9,80,3,2800.0,0.49095774107849033,0.0,0.0
9,80,3,2900.0,0.4840263996173643,0.0,0.0
9,80,3,3000.0,0.5132836646796991,0.0,0.0
9,80,3,3100.0,0.508006358573596,0.0,0.0
9,80,3,3200.0,0.5074412595751313,0.0,0.0
9,80,3,3300.0,0.5372897894733808,0.0,0.0
9,80,3,3400.0,0.5306835331273382,0.0,0.0
9,80,3,3500.0,0.5266604686739637,0.0,0.0
9,80,3,3600.0,0.5190655531399452,0.0,0.0
9,80,3,3700.0,0.5134428204973178,0.0,0.0
9,80,3,3800.0,0.5101607284326561,0.0,0.0
9,80,3,3900.0,0.5077029234421541,0.0,0.0
9,80,3,4000.0,0.49969446251305666,0.0,0.0
9,80,3,4100.0,0.4969060863771511,0.0,0.0
9,80,3,4200.0,0.495380306783706,0.0,0.0
9,80,3,4300.0,0.4885073093394986,0.0,0.0
9,80,3,4400.0,0.48954311054597327,0.0,0.0
9,80,3,4500.0,0.4947302003916298,0.0,0.0
9,80,3,4600.0,0.49502513012489324,0.0,0.0
9,80,3,4700.0,0.4889916727284782,0.0,0.0
9,80,3,4800.0,0.4846979926422007,0.0,0.0
9,80,3,4900.0,0.48834691187320933,0.0,0.0
9,80,3,5000.0,0.48421575672601175,0.0,0.0
9,80,6,0.0,0.0,0.0,0.0
9,80,6,100.0,0.706099782078879,0.0,0.0
9,80,6,200.0,0.831327572950734,0.0,0.0
9,80,6,300.0,2.667296512420461,0.0,0.0
9,80,6,400.0,4.0250965788736295,0.0,0.0
9,80,6,500.0,4.566743095456361,0.0,0.0
9,80,6,600.0,5.38869711944441,0.0,0.0
9,80,6,700.0,5.734780748469769,0.0,0.0
9,80,6,800.0,5.697804583448684,0.0,0.0
9,80,6,900.0,5.860768851011062,0.0,0.0
9,80,6,1000.0,6.084589039875215,0.0,0.0
9,80,6,1100.0,6.081472460634131,0.0,0.0
9,80,6,1200.0,6.11395646962369,0.0,0.0
9,80,6,1300.0,6.233122669818764,0.0,0.0
9,80,6,1400.0,6.395381727035085,0.0,0.0
9,80,6,1500.0,6.534442458988183,0.0,0.0
9,80,6,1600.0,6.590155874673132,0.0,0.0
9,80,6,1700.0,6.6413907169176625,0.0,0.0
9,80,6,1800.0,6.682679432415607,0.0,0.0
9,80,6,1900.0,6.583110656737031,0.0,0.0
9,80,6,2000.0,6.314023219116278,0.0,0.0
9,80,6,2100.0,6.121149813464256,0.0,0.0
9,80,6,2200.0,5.892935474119103,0.0,0.0
9,80,6,2300.0,5.702765915626724,0.0,0.0
9,80,6,2400.0,5.553058326091682,0.0,0.0
9,80,6,2500.0,5.401786059190256,0.0,0.0
9,80,6,2600.0,5.290491879838221,0.0,0.0
9,80,6,2700.0,5.167777285984149,0.0,0.0
9,80,6,2800.0,5.07080857979312,0.0,0.0
9,80,6,2900.0,4.959822115888814,0.0,0.0
9,80,6,3000.0,4.839901620785062,0.0,0.0
9,80,6,3100.0,4.747939726724231,0.0,0.0
9,80,6,3200.0,4.779615484989039,0.0,0.0
9,80,6,3300.0,4.73747956100285,0.0,0.0
9,80,6,3400.0,4.721489034822372,0.0,0.0
9,80,6,3500.0,4.6817532592374995,0.0,0.0
9,80,6,3600.0,4.691673172357404,0.0,0.0
9,80,6,3700.0,4.6342162943518,0.0,0.0
9,80,6,3800.0,4.570696157473265,0.0,0.0
9,80,6,3900.0,4.524338695806045,0.0,0.0
9,80,6,4000.0,4.467952884117639,0.0,0.0
9,80,6,4100.0,4.391300325992313,0.0,0.0
9,80,6,4200.0,4.3646781231414975,0.0,0.0
9,80,6,4300.0,4.427888103274621,0.0,0.0
9,80,6,4400.0,4.469848365722156,0.0,0.0
9,80,6,4500.0,4.4443514985400565,0.0,0.0
9,80,6,4600.0,4.4151653542582014,0.0,0.0
9,80,6,4700.0,4.377337330337912,0.0,0.0
9,80,6,4800.0,4.337977739355192,0.0,0.0
9,80,6,4900.0,4.308633750537981,0.0,0.0
9,80,6,5000.0,4.2417750394322615,0.0,0.0
9,80,9,0.0,0.0,0.0,0.0
9,80,9,100.0,1.720673810181224,0.0,0.0
9,80,9,200.0,3.820441306854969,0.0,0.0
9,80,9,300.0,5.013302500236206,0.0,0.0
9,80,9,400.0,5.543092365759895,0.0,0.0
9,80,9,500.0,6.093396602698103,0.0,0.0
9,80,9,600.0,6.357618403176071,0.0,0.0
9,80,9,700.0,6.533193754624099,0.0,0.0
9,80,9,800.0,6.618368441274775,0.0,0.0
9,80,9,900.0,6.64737553655269,0.0,0.0
9,80,9,1000.0,6.69762843493413,0.0,0.0
9,80,9,1100.0,6.755743448710044,0.0,0.0
9,80,9,1200.0,6.837840597145926,0.0,0.0
9,80,9,1300.0,6.956822734688356,0.0,0.0
9,80,9,1400.0,7.007623719760365,0.0,0.0
9,80,9,1500.0,7.005310980269304,0.0,0.0
9,80,9,1600.0,7.030433291230146,0.0,0.0
9,80,9,1700.0,7.113933268665019,0.0,0.0
9,80,9,1800.0,7.158760378353778,0.0,0.0
9,80,9,1900.0,7.199920784718033,0.0,0.0
9,80,9,2000.0,7.220196264510961,0.0,0.0
9,80,9,2100.0,7.162720178572771,0.0,0.0
9,80,9,2200.0,7.171318032311356,0.0,0.0
9,80,9,2300.0,7.136401948595947,0.0,0.0
9,80,9,2400.0,7.1433411060885925,0.0,0.0
9,80,9,2500.0,7.165843326553698,0.0,0.0
9,80,9,2600.0,7.183640615267925,0.0,0.0
9,80,9,2700.0,7.196113673895011,0.0,0.0
9,80,9,2800.0,7.182393277409998,0.0,0.0
9,80,9,2900.0,7.209320256171825,0.0,0.0
9,80,9,3000.0,7.235583250563101,0.0,0.0
9,80,9,3100.0,7.237282651552375,0.0,0.0
9,80,9,3200.0,7.2493125225837,0.0,0.0
9,80,9,3300.0,7.293286368152736,0.0,0.0
9,80,9,3400.0,7.292461286988289,0.0,0.0
9,80,9,3500.0,7.287081070182442,0.0,0.0
9,80,9,3600.0,7.2838281638131415,0.0,0.0
9,80,9,3700.0,7.29872358098762,0.0,0.0
9,80,9,3800.0,7.271939963737637,0.0,0.0
9,80,9,3900.0,7.291131388713834,0.0,0.0
9,80,9,4000.0,7.286998717593648,0.0,0.0
9,80,9,4100.0,7.296793443408845,0.0,0.0
9,80,9,4200.0,7.312161933068574,0.0,0.0
9,80,9,4300.0,7.337843788278515,0.0,0.0
9,80,9,4400.0,7.340034528097375,0.0,0.0
9,80,9,4500.0,7.339540063331602,0.0,0.0
9,80,9,4600.0,7.342308486529356,0.0,0.0
9,80,9,4700.0,7.341846378853345,0.0,0.0
9,80,9,4800.0,7.346297068029828,0.0,0.0
9,80,9,4900.0,7.357123396311258,0.0,0.0
9,80,9,5000.0,7.365151128913945,0.0,0.0
9,80,12,0.0,0.0,0.0,0.0
9,80,12,100.0,3.514049631532671,0.0,0.0
9,80,12,200.0,5.571776833807807,0.0,0.0
9,80,12,300.0,6.702256162941845,0.0,0.0
9,80,12,400.0,7.023233976897516,0.0,0.0
9,80,12,500.0,7.334466061028171,0.0,0.0
9,80,12,600.0,7.821299322031827,0.0,0.0
9,80,12,700.0,8.657978082800193,0.0,0.0
9,80,12,800.0,9.447306133830121,0.0,0.0
9,80,12,900.0,9.889028364328942,0.0,0.0
9,80,12,1000.0,9.835799164755768,0.0,0.0
9,80,12,1100.0,9.655693985306378,0.0,0.0
9,80,12,1200.0,9.420825868402323,0.0,0.0
9,80,12,1300.0,9.297539543467066,0.0,0.0
9,80,12,1400.0,9.16120707047893,0.0,0.0
9,80,12,1500.0,8.982962214077533,0.0,0.0
9,80,12,1600.0,8.996266207346544,0.0,0.0
9,80,12,1700.0,9.083331495198001,0.0,0.0
9,80,12,1800.0,9.087086712318223,0.0,0.0
9,80,12,1900.0,9.131098654270852,0.0,0.0
9,80,12,2000.0,9.109333411506936,0.0,0.0
9,80,12,2100.0,8.988527968889525,0.0,0.0
9,80,12,2200.0,8.910607901854227,0.0,0.0
9,80,12,2300.0,8.794203355216796,0.0,0.0
9,80,12,2400.0,8.717013907589696,0.0,0.0
9,80,12,2500.0,8.675182840221819,0.0,0.0
9,80,12,2600.0,8.641731925419963,0.0,0.0
9,80,12,2700.0,8.698604448698042,0.0,0.0
9,80,12,2800.0,8.671301286423436,0.0,0.0
9,80,12,2900.0,8.63711284853801,0.0,0.0
9,80,12,3000.0,8.626029645623612,0.0,0.0
9,80,12,3100.0,8.681872045190868,0.0,0.0
9,80,12,3200.0,8.682455447979777,0.0,0.0
9,80,12,3300.0,8.64885336248455,0.0,0.0
9,80,12,3400.0,8.605152311344671,0.0,0.0
9,80,12,3500.0,8.572027487299183,0.0,0.0
9,80,12,3600.0,8.563364634696864,0.0,0.0
9,80,12,3700.0,8.557763255453782,0.0,0.0
9,80,12,3800.0,8.534518278041807,0.0,0.0
9,80,12,3900.0,8.518263927753972,0.0,0.0
9,80,12,4000.0,8.533117377570901,0.0,0.0
9,80,12,4100.0,8.561068673681914,0.0,0.0
9,80,12,4200.0,8.576955016869167,0.0,0.0
9,80,12,4300.0,8.594105188126806,0.0,0.0
9,80,12,4400.0,8.619951389323695,0.0,0.0
9,80,12,4500.0,8.628956803341994,0.0,0.0
9,80,12,4600.0,8.637629285481479,0.0,0.0
9,80,12,4700.0,8.613715852177053,0.0,0.0
9,80,12,4800.0,8.594445578746793,0.0,0.0
9,80,12,4900.0,8.557519862722792,0.0,0.0
9,80,12,5000.0,8.558053843091034,0.0,0.0
10,80,3,0.0,0.0,0.0,0.0
10,80,3,100.0,0.3926330992702038,0.0,0.0
10,80,3,200.0,0.4746922519660562,0.0,0.0
10,80,3,300.0,0.5438170384974282,0.0,0.0
10,80,3,400.0,0.6125967167611395,0.0,0.0
10,80,3,500.0,0.5638451675333003,0.0,0.0
10,80,3,600.0,0.5863130203041139,0.0,0.0
10,80,3,700.0,0.5860519713819082,0.0,0.0
10,80,3,800.0,0.5912707391374773,0.0,0.0
10,80,3,900.0,0.5598201752036167,0.0,0.0
10,80,3,1000.0,0.5600018616985042,0.0,0.0
10,80,3,1100.0,0.5342321902163243,0.0,0.0
10,80,3,1200.0,0.509269558000845,0.0,0.0
10,80,3,1300.0,0.5029020781815572,0.0,0.0
10,80,3,1400.0,0.4949046852768002,0.0,0.0
10,80,3,1500.0,0.4823421269627034,0.0,0.0
10,80,3,1600.0,0.46916741083064517,0.0,0.0
10,80,3,1700.0,0.4694035589374448,0.0,0.0
10,80,3,1800.0,0.466210652575152,0.0,0.0
10,80,3,1900.0,0.4525164345621138,0.0,0.0
10,80,3,2000.0,0.44709558111821557,0.0,0.0
10,80,3,2100.0,0.4363730990765185,0.0,0.0
10,80,3,2200.0,0.4466797735973484,0.0,0.0
10,80,3,2300.0,0.43970742531533225,0.0,0.0
10,80,3,2400.0,0.47118745437026727,0.0,0.0
10,80,3,2500.0,0.46387522787953467,0.0,0.0
10,80,3,2600.0,0.4846145742588273,0.0,0.0
10,80,3,2700.0,0.4937774392451393,0.0,0.0
10,80,3,2800.0,0.49127321774093996,0.0,0.0
10,80,3,2900.0,0.48795399006787493,0.0,0.0
10,80,3,3000.0,0.4826286420721822,0.0,0.0
10,80,3,3100.0,0.4818951473867018,0.0,0.0
10,80,3,3200.0,0.48123840459236555,0.0,0.0
10,80,3,3300.0,0.4867513247022331,0.0,0.0
10,80,3,3400.0,0.5006464938478015,0.0,0.0
10,80,3,3500.0,0.4945145217959605,0.0,0.0
10,80,3,3600.0,0.490307381674138,0.0,0.0
10,80,3,3700.0,0.4865133839480661,0.0,0.0
10,80,3,3800.0,0.47864158524102846,0.0,0.0
10,80,3,3900.0,0.49089288183751617,0.0,0.0
10,80,3,4000.0,0.4901746496975948,0.0,0.0
10,80,3,4100.0,0.4862449580537589,0.0,0.0
10,80,3,4200.0,0.48419260525566776,0.0,0.0
10,80,3,4300.0,0.48029549078399236,0.0,0.0
10,80,3,4400.0,0.4816476429990844,0.0,0.0
10,80,3,4500.0,0.48761849000766305,0.0,0.0
10,80,3,4600.0,0.48605509879444486,0.0,0.0
10,80,3,4700.0,0.481876145586433,0.0,0.0
10,80,3,4800.0,0.47835188168200427,0.0,0.0
10,80,3,4900.0,0.4900967015631818,0.0,0.0
10,80,3,5000.0,0.49793155743529516,0.0,0.0
10,80,6,0.0,0.0,0.0,0.0
10,80,6,100.0,2.7193605339128446,0.0,0.0
10,80,6,200.0,2.979317757173195,0.0,0.0
10,80,6,300.0,2.700159784974583,0.0,0.0
10,80,6,400.0,2.8454312004014963,0.0,0.0
10,80,6,500.0,2.8477581346214658,0.0,0.0
10,80,6,600.0,2.67154049149589,0.0,0.0
10,80,6,700.0,2.427864107351852,0.0,0.0
10,80,6,800.0,2.252647737002819,0.0,0.0
10,80,6,900.0,2.268445790644239,0.0,0.0
10,80,6,1000.0,2.119511769835246,0.0,0.0
10,80,6,1100.0,2.0509605994638953,0.0,0.0
10,80,6,1200.0,2.111622804812912,0.0,0.0
10,80,6,1300.0,2.2855600656669877,0.0,0.0
10,80,6,1400.0,2.6620448421999434,0.0,0.0
10,80,6,1500.0,2.9728738516197812,0.0,0.0
10,80,6,1600.0,3.2424249278938664,0.0,0.0
10,80,6,1700.0,3.5253726564214105,0.0,0.0
10,80,6,1800.0,3.786141374937976,0.0,0.0
10,80,6,1900.0,4.019766423978591,0.0,0.0
10,80,6,2000.0,4.260892621323651,0.0,0.0
10,80,6,2100.0,4.4114989068575845,0.0,0.0
10,80,6,2200.0,4.450307315339592,0.0,0.0
10,80,6,2300.0,4.527488769207799,0.0,0.0
10,80,6,2400.0,4.503006359909616,0.0,0.0
10,80,6,2500.0,4.447590326375284,0.0,0.0
10,80,6,2600.0,4.492092431416629,0.0,0.0
10,80,6,2700.0,4.4508417694308156,0.0,0.0
10,80,6,2800.0,4.454692905466213,0.0,0.0
10,80,6,2900.0,4.435289953378421,0.0,0.0
10,80,6,3000.0,4.471533606562839,0.0,0.0
10,80,6,3100.0,4.4326295146241925,0.0,0.0
10,80,6,3200.0,4.417162266377796,0.0,0.0
10,80,6,3300.0,4.489550630200683,0.0,0.0
10,80,6,3400.0,4.552970684324649,0.0,0.0
10,80,6,3500.0,4.6187749342036515,0.0,0.0
10,80,6,3600.0,4.632880554004329,0.0,0.0
10,80,6,3700.0,4.671462515273115,0.0,0.0
10,80,6,3800.0,4.6369026705107155,0.0,0.0
10,80,6,3900.0,4.60193275307362,0.0,0.0
10,80,6,4000.0,4.557450702083917,0.0,0.0
10,80,6,4100.0,4.627036133565574,0.0,0.0
10,80,6,4200.0,4.6889497526034365,0.0,0.0
10,80,6,4300.0,4.678323711520914,0.0,0.0
10,80,6,4400.0,4.615498811759084,0.0,0.0
10,80,6,4500.0,4.565328740364604,0.0,0.0
10,80,6,4600.0,4.501763655541868,0.0,0.0
10,80,6,4700.0,4.438903740034125,0.0,0.0
10,80,6,4800.0,4.474806252528971,0.0,0.0
10,80,6,4900.0,4.520802675966234,0.0,0.0
10,80,6,5000.0,4.559837457998108,0.0,0.0
10,80,9,0.0,0.0,0.0,0.0
10,80,9,100.0,5.021402450341601,0.0,0.0
10,80,9,200.0,5.826527111783466,0.0,0.0
10,80,9,300.0,6.142298811876542,0.0,0.0
10,80,9,400.0,6.502244173567781,0.0,0.0
10,80,9,500.0,6.8224260364755125,0.0,0.0
10,80,9,600.0,6.867190113629787,0.0,0.0
10,80,9,700.0,6.9616960414958315,0.0,0.0
10,80,9,800.0,6.87844349530442,0.0,0.0
10,80,9,900.0,6.790384230749475,0.0,0.0
10,80,9,1000.0,6.825731235022935,0.0,0.0
10,80,9,1100.0,6.933410245697612,0.0,0.0
10,80,9,1200.0,7.045845752361349,0.0,0.0
10,80,9,1300.0,7.083378208813239,0.0,0.0
10,80,9,1400.0,7.213386385171629,0.0,0.0
10,80,9,1500.0,7.272908180599567,0.0,0.0
10,80,9,1600.0,7.325219150321761,0.0,0.0
10,80,9,1700.0,7.3653913484723805,0.0,0.0
10,80,9,1800.0,7.4035860667348095,0.0,0.0
10,80,9,1900.0,7.429917859704842,0.0,0.0
10,80,9,2000.0,7.43790212598325,0.0,0.0
10,80,9,2100.0,7.463884387510484,0.0,0.0
10,80,9,2200.0,7.442877367797075,0.0,0.0
10,80,9,2300.0,7.429841757354368,0.0,0.0
10,80,9,2400.0,7.480756587724735,0.0,0.0
10,80,9,2500.0,7.503398607075233,0.0,0.0
10,80,9,2600.0,7.549747269067136,0.0,0.0
10,80,9,2700.0,7.553394586451385,0.0,0.0
10,80,9,2800.0,7.559940551141156,0.0,0.0
10,80,9,2900.0,7.608136672690696,0.0,0.0
10,80,9,3000.0,7.6360853407299265,0.0,0.0
10,80,9,3100.0,7.6878016242654725,0.0,0.0
10,80,9,3200.0,7.682677059443772,0.0,0.0
10,80,9,3300.0,7.685167140456519,0.0,0.0
10,80,9,3400.0,7.701460965256736,0.0,0.0
10,80,9,3500.0,7.7118950051278015,0.0,0.0
10,80,9,3600.0,7.691153986640459,0.0,0.0
10,80,9,3700.0,7.696578347943409,0.0,0.0
10,80,9,3800.0,7.705544229233519,0.0,0.0
10,80,9,3900.0,7.713616758311333,0.0,0.0
10,80,9,4000.0,7.728304553487253,0.0,0.0
10,80,9,4100.0,7.728102352488144,0.0,0.0
10,80,9,4200.0,7.727670991644669,0.0,0.0
10,80,9,4300.0,7.730457008939649,0.0,0.0
10,80,9,4400.0,7.709328854949236,0.0,0.0
10,80,9,4500.0,7.715001324641809,0.0,0.0
10,80,9,4600.0,7.710988073750198,0.0,0.0
10,80,9,4700.0,7.723035400473502,0.0,0.0
10,80,9,4800.0,7.726890804902872,0.0,0.0
10,80,9,4900.0,7.714236878740537,0.0,0.0
10,80,9,5000.0,7.698537349148213,0.0,0.0
10,80,12,0.0,0.0,0.0,0.0
10,80,12,100.0,4.791003461295019,0.0,0.0
10,80,12,200.0,5.595116516378898,0.0,0.0
10,80,12,300.0,5.817430556229518,0.0,0.0
10,80,12,400.0,6.153723742422662,0.0,0.0
10,80,12,500.0,6.525022198207368,0.0,0.0
10,80,12,600.0,7.030459206004921,0.0,0.0
10,80,12,700.0,7.361001276328921,0.0,0.0
10,80,12,800.0,7.431076383897611,0.0,0.0
10,80,12,900.0,7.290355144294123,0.0,0.0
10,80,12,1000.0,7.181954586901519,0.0,0.0
10,80,12,1100.0,7.1786082919578,0.0,0.0
10,80,12,1200.0,7.221015927702641,0.0,0.0
10,80,12,1300.0,7.323041396783206,0.0,0.0
10,80,12,1400.0,7.369142833439019,0.0,0.0
10,80,12,1500.0,7.359226713838418,0.0,0.0
10,80,12,1600.0,7.415679568653552,0.0,0.0
10,80,12,1700.0,7.5170087694187435,0.0,0.0
10,80,12,1800.0,7.525967611073082,0.0,0.0
10,80,12,1900.0,7.526065102982631,0.0,0.0
10,80,12,2000.0,7.51515019725235,0.0,0.0
10,80,12,2100.0,7.627429857457754,0.0,0.0
10,80,12,2200.0,7.7165646524933145,0.0,0.0
10,80,12,2300.0,7.704923061973747,0.0,0.0
10,80,12,2400.0,7.678352947787842,0.0,0.0
10,80,12,2500.0,7.70415432848353,0.0,0.0
10,80,12,2600.0,7.751924913465047,0.0,0.0
10,80,12,2700.0,7.846450177665999,0.0,0.0
10,80,12,2800.0,7.911113809453612,0.0,0.0
10,80,12,2900.0,7.93986620384601,0.0,0.0
10,80,12,3000.0,7.971898367910768,0.0,0.0
10,80,12,3100.0,7.959166171188951,0.0,0.0
10,80,12,3200.0,7.93957301156847,0.0,0.0
10,80,12,3300.0,7.937602600754052,0.0,0.0
10,80,12,3400.0,7.9876637445232195,0.0,0.0
10,80,12,3500.0,7.980005413028008,0.0,0.0
10,80,12,3600.0,7.9398619817361125,0.0,0.0
10,80,12,3700.0,7.909539548213714,0.0,0.0
10,80,12,3800.0,7.915540058343448,0.0,0.0
10,80,12,3900.0,7.921830524427842,0.0,0.0
10,80,12,4000.0,7.92549350584573,0.0,0.0
10,80,12,4100.0,7.938783773157941,0.0,0.0
10,80,12,4200.0,7.984090243741412,0.0,0.0
10,80,12,4300.0,8.04079348177709,0.0,0.0
10,80,12,4400.0,8.029784891758574,0.0,0.0
10,80,12,4500.0,8.025514054370383,0.0,0.0
10,80,12,4600.0,8.027656448214197,0.0,0.0
10,80,12,4700.0,8.002702610761524,0.0,0.0
10,80,12,4800.0,7.975017946414635,0.0,0.0
10,80,12,4900.0,7.945789307596392,0.0,0.0
10,80,12,5000.0,7.911977661939276,0.0,0.0
11,80,3,0.0,0.0,0.0,0.0
11,80,3,100.0,0.1958266521518335,0.0,0.0
11,80,3,200.0,0.3302443457811934,0.0,0.0
11,80,3,300.0,0.37121728386839764,0.0,0.0
11,80,3,400.0,0.3614774379675279,0.0,0.0
11,80,3,500.0,0.3554376912887297,0.0,0.0
11,80,3,600.0,0.4160990265078569,0.0,0.0
11,80,3,700.0,0.38487575475190877,0.0,0.0
11,80,3,800.0,0.3764212085194909,0.0,0.0
11,80,3,900.0,0.3895549171869233,0.0,0.0
11,80,3,1000.0,0.3831540456318312,0.0,0.0
11,80,3,1100.0,0.40372317859653484,0.0,0.0
11,80,3,1200.0,0.40838664262154756,0.0,0.0
11,80,3,1300.0,0.4105346441608164,0.0,0.0
11,80,3,1400.0,0.42080535580108624,0.0,0.0
11,80,3,1500.0,0.41758689025183127,0.0,0.0
11,80,3,1600.0,0.41055994535692303,0.0,0.0
11,80,3,1700.0,0.43406238011800585,0.0,0.0
11,80,3,1800.0,0.43791969028619976,0.0,0.0
11,80,3,1900.0,0.4279954025828003,0.0,0.0
11,80,3,2000.0,0.426194886615022,0.0,0.0
11,80,3,2100.0,0.43717528786049026,0.0,0.0
11,80,3,2200.0,0.43829399121744694,0.0,0.0
11,80,3,2300.0,0.43551180409872103,0.0,0.0
11,80,3,2400.0,0.43478202523681353,0.0,0.0
11,80,3,2500.0,0.4285697572792958,0.0,0.0
11,80,3,2600.0,0.4251378872142619,0.0,0.0
11,80,3,2700.0,0.43655395950469217,0.0,0.0
11,80,3,2800.0,0.43267334803990154,0.0,0.0
11,80,3,2900.0,0.4302617967265357,0.0,0.0
11,80,3,3000.0,0.43456746967345966,0.0,0.0
11,80,3,3100.0,0.4370225246800565,0.0,0.0
11,80,3,3200.0,0.4391412474848376,0.0,0.0
11,80,3,3300.0,0.45221181733995597,0.0,0.0
11,80,3,3400.0,0.44596121881057027,0.0,0.0
11,80,3,3500.0,0.45278816192884647,0.0,0.0
11,80,3,3600.0,0.4492295606215124,0.0,0.0
11,80,3,3700.0,0.4622592580826536,0.0,0.0
11,80,3,3800.0,0.4683170518240729,0.0,0.0
11,80,3,3900.0,0.46487350656765514,0.0,0.0
11,80,3,4000.0,0.46056606838786573,0.0,0.0
11,80,3,4100.0,0.4611463933055893,0.0,0.0
11,80,3,4200.0,0.45852162403637986,0.0,0.0
11,80,3,4300.0,0.4671380206465628,0.0,0.0
11,80,3,4400.0,0.47169324936306306,0.0,0.0
11,80,3,4500.0,0.4766450133563949,0.0,0.0
11,80,3,4600.0,0.4719723507307559,0.0,0.0
11,80,3,4700.0,0.47044302905173957,0.0,0.0
11,80,3,4800.0,0.4666368177859399,0.0,0.0
11,80,3,4900.0,0.4611226447125927,0.0,0.0
11,80,3,5000.0,0.4633684769877481,0.0,0.0
11,80,6,0.0,0.0,0.0,0.0
11,80,6,100.0,0.7388609719209244,0.0,0.0
11,80,6,200.0,1.0972273801834997,0.0,0.0
11,80,6,300.0,1.188057497294386,0.0,0.0
11,80,6,400.0,1.182515900077193,0.0,0.0
11,80,6,500.0,1.128540502955208,0.0,0.0
11,80,6,600.0,1.3519061040704574,0.0,0.0
11,80,6,700.0,1.4224790869790127,0.0,0.0
11,80,6,800.0,1.5851670969880216,0.0,0.0
11,80,6,900.0,1.9584537821838435,0.0,0.0
11,80,6,1000.0,2.236791102629461,0.0,0.0
11,80,6,1100.0,2.418618560332307,0.0,0.0
11,80,6,1200.0,2.5351599401564275,0.0,0.0
11,80,6,1300.0,2.7506670102637387,0.0,0.0
11,80,6,1400.0,3.026059634278583,0.0,0.0
11,80,6,1500.0,3.035804554356459,0.0,0.0
11,80,6,1600.0,3.011993589193928,0.0,0.0
11,80,6,1700.0,3.0732130393096484,0.0,0.0
11,80,6,1800.0,3.084820665317483,0.0,0.0
11,80,6,1900.0,3.1009211433486294,0.0,0.0
11,80,6,2000.0,3.228399320506889,0.0,0.0
11,80,6,2100.0,3.274719680387155,0.0,0.0
11,80,6,2200.0,3.3538521591699726,0.0,0.0
11,80,6,2300.0,3.487317291207266,0.0,0.0
11,80,6,2400.0,3.5376437858565413,0.0,0.0
11,80,6,2500.0,3.598892493276267,0.0,0.0
11,80,6,2600.0,3.6444214892434563,0.0,0.0
11,80,6,2700.0,3.759578046790431,0.0,0.0
11,80,6,2800.0,3.894382781524518,0.0,0.0
11,80,6,2900.0,3.961928441070857,0.0,0.0
11,80,6,3000.0,4.021762335276409,0.0,0.0
11,80,6,3100.0,4.093652294445262,0.0,0.0
11,80,6,3200.0,4.146699043802256,0.0,0.0
11,80,6,3300.0,4.248478352020147,0.0,0.0
11,80,6,3400.0,4.409310652908831,0.0,0.0
11,80,6,3500.0,4.486849335901503,0.0,0.0
11,80,6,3600.0,4.408342916230362,0.0,0.0
11,80,6,3700.0,4.347721354091711,0.0,0.0
11,80,6,3800.0,4.2914026055247545,0.0,0.0
11,80,6,3900.0,4.2323170342400775,0.0,0.0
11,80,6,4000.0,4.172008847295881,0.0,0.0
11,80,6,4100.0,4.164175838004702,0.0,0.0
11,80,6,4200.0,4.162740838704359,0.0,0.0
11,80,6,4300.0,4.143755466919396,0.0,0.0
11,80,6,4400.0,4.180551026194414,0.0,0.0
11,80,6,4500.0,4.1712121288625665,0.0,0.0
11,80,6,4600.0,4.186239494557449,0.0,0.0
11,80,6,4700.0,4.278269016371674,0.0,0.0
11,80,6,4800.0,4.3695569421414575,0.0,0.0
11,80,6,4900.0,4.364574865496296,0.0,0.0
11,80,6,5000.0,4.316436760771627,0.0,0.0
11,80,9,0.0,0.0,0.0,0.0
11,80,9,100.0,3.049127390976331,0.0,0.0
11,80,9,200.0,4.222998854082849,0.0,0.0
11,80,9,300.0,4.904802102629368,0.0,0.0
11,80,9,400.0,5.29002405380357,0.0,0.0
11,80,9,500.0,5.62369038477942,0.0,0.0
11,80,9,600.0,5.9248483605347495,0.0,0.0
11,80,9,700.0,6.136554605356067,0.0,0.0
11,80,9,800.0,6.371564622863795,0.0,0.0
11,80,9,900.0,6.5554741189917,0.0,0.0
11,80,9,1000.0,6.761451774760277,0.0,0.0
11,80,9,1100.0,6.839197720029385,0.0,0.0
11,80,9,1200.0,6.925644107764697,0.0,0.0
11,80,9,1300.0,6.987201257991187,0.0,0.0
11,80,9,1400.0,7.101285441741057,0.0,0.0
11,80,9,1500.0,7.155289949732463,0.0,0.0
11,80,9,1600.0,7.23533105009641,0.0,0.0
11,80,9,1700.0,7.332730966684437,0.0,0.0
11,80,9,1800.0,7.376039944486714,0.0,0.0
11,80,9,1900.0,7.41564617531526,0.0,0.0
11,80,9,2000.0,7.411849527985859,0.0,0.0
11,80,9,2100.0,7.39279594576918,0.0,0.0
11,80,9,2200.0,7.3583469525933864,0.0,0.0
11,80,9,2300.0,7.3882050308595675,0.0,0.0
11,80,9,2400.0,7.459076588680733,0.0,0.0
11,80,9,2500.0,7.4896665736225225,0.0,0.0
11,80,9,2600.0,7.529294539156173,0.0,0.0
11,80,9,2700.0,7.5844778525011645,0.0,0.0
11,80,9,2800.0,7.558440394513042,0.0,0.0
11,80,9,2900.0,7.5606364575054865,0.0,0.0
11,80,9,3000.0,7.571486800462654,0.0,0.0
11,80,9,3100.0,7.57092286084816,0.0,0.0
11,80,9,3200.0,7.572043088422409,0.0,0.0
11,80,9,3300.0,7.59864763397066,0.0,0.0
11,80,9,3400.0,7.580323424355616,0.0,0.0
11,80,9,3500.0,7.590962889431983,0.0,0.0
11,80,9,3600.0,7.572493742238624,0.0,0.0
11,80,9,3700.0,7.566278735098717,0.0,0.0
11,80,9,3800.0,7.589626485809698,0.0,0.0
11,80,9,3900.0,7.59454742893465,0.0,0.0
11,80,9,4000.0,7.586312894236409,0.0,0.0
11,80,9,4100.0,7.582358623480849,0.0,0.0
11,80,9,4200.0,7.587998077538788,0.0,0.0
11,80,9,4300.0,7.586137044247794,0.0,0.0
11,80,9,4400.0,7.582645619905571,0.0,0.0
11,80,9,4500.0,7.592259525112443,0.0,0.0
11,80,9,4600.0,7.61289577945835,0.0,0.0
11,80,9,4700.0,7.622237788055792,0.0,0.0
11,80,9,4800.0,7.627712751757379,0.0,0.0
11,80,9,4900.0,7.612119713302327,0.0,0.0
11,80,9,5000.0,7.609669445912297,0.0,0.0
11,80,12,0.0,0.0,0.0,0.0
11,80,12,100.0,4.35337402964607,0.0,0.0
11,80,12,200.0,5.393231881937993,0.0,0.0
11,80,12,300.0,5.795343766119904,0.0,0.0
11,80,12,400.0,5.9014821330001475,0.0,0.0
11,80,12,500.0,5.946246004934986,0.0,0.0
11,80,12,600.0,6.089662456302633,0.0,0.0
11,80,12,700.0,6.280560429445948,0.0,0.0
11,80,12,800.0,6.476189577373824,0.0,0.0
11,80,12,900.0,6.620508007637815,0.0,0.0
11,80,12,1000.0,6.6988140457919,0.0,0.0
11,80,12,1100.0,6.75659862631931,0.0,0.0
11,80,12,1200.0,6.815606858986057,0.0,0.0
11,80,12,1300.0,6.946058752394111,0.0,0.0
11,80,12,1400.0,7.1448869873627965,0.0,0.0
11,80,12,1500.0,7.365447963080254,0.0,0.0
11,80,12,1600.0,7.511216233223233,0.0,0.0
11,80,12,1700.0,8.372269810977988,0.0,0.0
11,80,12,1800.0,9.018366897705825,0.0,0.0
11,80,12,1900.0,9.375983288764363,0.0,0.0
11,80,12,2000.0,9.614565376949571,0.0,0.0
11,80,12,2100.0,9.919119503150403,0.0,0.0
11,80,12,2200.0,10.053665828937094,0.0,0.0
11,80,12,2300.0,10.156023972827803,0.0,0.0
11,80,12,2400.0,10.344400026828055,0.0,0.0
11,80,12,2500.0,10.455253497939628,0.0,0.0
11,80,12,2600.0,10.522139204613577,0.0,0.0
11,80,12,2700.0,10.49644026290265,0.0,0.0
11,80,12,2800.0,10.438479175905242,0.0,0.0
11,80,12,2900.0,10.432410472183523,0.0,0.0
11,80,12,3000.0,10.40425383506111,0.0,0.0
11,80,12,3100.0,10.341957204132353,0.0,0.0
11,80,12,3200.0,10.273059180071057,0.0,0.0
11,80,12,3300.0,10.17989047743157,0.0,0.0
11,80,12,3400.0,10.134008464982744,0.0,0.0
11,80,12,3500.0,10.08031422525747,0.0,0.0
11,80,12,3600.0,10.00445468524085,0.0,0.0
11,80,12,3700.0,9.91734358364648,0.0,0.0
11,80,12,3800.0,9.878882277415734,0.0,0.0
11,80,12,3900.0,9.840051160645329,0.0,0.0
11,80,12,4000.0,9.76575384079273,0.0,0.0
11,80,12,4100.0,9.708726694665994,0.0,0.0
11,80,12,4200.0,9.682009556552616,0.0,0.0
11,80,12,4300.0,9.646758842658883,0.0,0.0
11,80,12,4400.0,9.605567906779635,0.0,0.0
11,80,12,4500.0,9.598452916887068,0.0,0.0
11,80,12,4600.0,9.579617746040226,0.0,0.0
11,80,12,4700.0,9.544898634243207,0.0,0.0
11,80,12,4800.0,9.482559875442277,0.0,0.0
11,80,12,4900.0,9.440179771924948,0.0,0.0
11,80,12,5000.0,9.407231154668779,0.0,0.0
12,80,3,0.0,0.0,0.0,0.0
12,80,3,100.0,0.24446144772416187,0.0,0.0
12,80,3,200.0,0.2416210010536036,0.0,0.0
12,80,3,300.0,0.38740149890713077,0.0,0.0
12,80,3,400.0,0.4278326578760056,0.0,0.0
12,80,3,500.0,0.43624716319242335,0.0,0.0
12,80,3,600.0,0.42033333975425896,0.0,0.0
12,80,3,700.0,0.395976173367993,0.0,0.0
12,80,3,800.0,0.4148346213582246,0.0,0.0
12,80,3,900.0,0.39505128236631604,0.0,0.0
12,80,3,1000.0,0.3926530627131077,0.0,0.0
12,80,3,1100.0,0.4026702850989908,0.0,0.0
12,80,3,1200.0,0.41289537471446197,0.0,0.0
12,80,3,1300.0,0.43757374190248477,0.0,0.0
12,80,3,1400.0,0.42278079668661633,0.0,0.0
12,80,3,1500.0,0.4261750127143229,0.0,0.0
12,80,3,1600.0,0.43724852862765357,0.0,0.0
12,80,3,1700.0,0.42380472839212924,0.0,0.0
12,80,3,1800.0,0.4377916613868216,0.0,0.0
12,80,3,1900.0,0.42907555994000807,0.0,0.0
12,80,3,2000.0,0.420514483457095,0.0,0.0
12,80,3,2100.0,0.42542225550904594,0.0,0.0
12,80,3,2200.0,0.44099113364023795,0.0,0.0
12,80,3,2300.0,0.43680354042008024,0.0,0.0
12,80,3,2400.0,0.43478150485050704,0.0,0.0
12,80,3,2500.0,0.429445185230198,0.0,0.0
12,80,3,2600.0,0.4271984776929842,0.0,0.0
12,80,3,2700.0,0.43319650789540237,0.0,0.0
12,80,3,2800.0,0.42506006452126815,0.0,0.0
12,80,3,2900.0,0.41980001926878113,0.0,0.0
12,80,3,3000.0,0.4356710902194774,0.0,0.0
12,80,3,3100.0,0.4485696613459049,0.0,0.0
12,80,3,3200.0,0.44477234033838053,0.0,0.0
12,80,3,3300.0,0.4423356485724282,0.0,0.0
12,80,3,3400.0,0.43915130434625527,0.0,0.0
12,80,3,3500.0,0.44447913562817076,0.0,0.0
12,80,3,3600.0,0.4432706822652839,0.0,0.0
12,80,3,3700.0,0.4489810173105905,0.0,0.0
12,80,3,3800.0,0.44299823817850936,0.0,0.0
12,80,3,3900.0,0.4398198721133535,0.0,0.0
12,80,3,4000.0,0.43982019574128706,0.0,0.0
12,80,3,4100.0,0.43644521166492817,0.0,0.0
12,80,3,4200.0,0.43304581800188413,0.0,0.0
12,80,3,4300.0,0.4304968660428727,0.0,0.0
12,80,3,4400.0,0.4324326194501031,0.0,0.0
12,80,3,4500.0,0.4306083248327474,0.0,0.0
12,80,3,4600.0,0.43152725097531286,0.0,0.0
12,80,3,4700.0,0.42672609769379605,0.0,0.0
12,80,3,4800.0,0.4256564591949803,0.0,0.0
12,80,3,4900.0,0.4242450184842136,0.0,0.0
12,80,3,5000.0,0.42361587294224995,0.0,0.0
12,80,6,0.0,0.0,0.0,0.0
12,80,6,100.0,0.7032911659441784,0.0,0.0
12,80,6,200.0,1.9595409707405504,0.0,0.0
12,80,6,300.0,2.7053447840637563,0.0,0.0
12,80,6,400.0,2.8656573375628165,0.0,0.0
12,80,6,500.0,2.9421208228634304,0.0,0.0
12,80,6,600.0,2.776383215881817,0.0,0.0
12,80,6,700.0,3.0880620484034917,0.0,0.0
12,80,6,800.0,3.3404583701900807,0.0,0.0
12,80,6,900.0,3.2608463213161536,0.0,0.0
12,80,6,1000.0,3.197195330969779,0.0,0.0
12,80,6,1100.0,3.110820078990015,0.0,0.0
12,80,6,1200.0,3.1123461373131986,0.0,0.0
12,80,6,1300.0,3.130743647488926,0.0,0.0
12,80,6,1400.0,3.168428197664021,0.0,0.0
12,80,6,1500.0,3.1366517249148984,0.0,0.0
12,80,6,1600.0,3.1576476092416716,0.0,0.0
12,80,6,1700.0,3.0690604257625473,0.0,0.0
12,80,6,1800.0,2.993019753608706,0.0,0.0
12,80,6,1900.0,2.9559761395540107,0.0,0.0
12,80,6,2000.0,2.899649083260643,0.0,0.0
12,80,6,2100.0,2.8311300560321984,0.0,0.0
12,80,6,2200.0,2.752432656065051,0.0,0.0
12,80,6,2300.0,2.7392139273474614,0.0,0.0
12,80,6,2400.0,2.7068346069694056,0.0,0.0
12,80,6,2500.0,2.6554785975924378,0.0,0.0
12,80,6,2600.0,2.6473739827062817,0.0,0.0
12,80,6,2700.0,2.718202943012187,0.0,0.0
12,80,6,2800.0,2.8108086358898947,0.0,0.0
12,80,6,2900.0,2.9750945140121217,0.0,0.0
12,80,6,3000.0,3.0348302714047497,0.0,0.0
12,80,6,3100.0,2.9992133230710922,0.0,0.0
12,80,6,3200.0,2.966741700144294,0.0,0.0
12,80,6,3300.0,2.9351357757874004,0.0,0.0
12,80,6,3400.0,2.9005635912745205,0.0,0.0
12,80,6,3500.0,2.8559322238044076,0.0,0.0
12,80,6,3600.0,2.8249362849535573,0.0,0.0
12,80,6,3700.0,2.833128260898249,0.0,0.0
12,80,6,3800.0,2.809238406460203,0.0,0.0
12,80,6,3900.0,2.780123526148472,0.0,0.0
12,80,6,4000.0,2.794440718197391,0.0,0.0
12,80,6,4100.0,2.9098593393929186,0.0,0.0
12,80,6,4200.0,2.911132980325183,0.0,0.0
12,80,6,4300.0,2.9190724773225245,0.0,0.0
12,80,6,4400.0,2.9344432252904418,0.0,0.0
12,80,6,4500.0,2.955786253949144,0.0,0.0
12,80,6,4600.0,2.91782440483145,0.0,0.0
12,80,6,4700.0,2.90421232257266,0.0,0.0
12,80,6,4800.0,2.8919237782271234,0.0,0.0
12,80,6,4900.0,2.8750585934557424,0.0,0.0
12,80,6,5000.0,2.834891173120162,0.0,0.0
12,80,9,0.0,0.0,0.0,0.0
12,80,9,100.0,2.319880186400069,0.0,0.0
12,80,9,200.0,4.455186125499588,0.0,0.0
12,80,9,300.0,5.614848522786802,0.0,0.0
12,80,9,400.0,6.234525099300717,0.0,0.0
12,80,9,500.0,6.604480405351392,0.0,0.0
12,80,9,600.0,6.923882862473716,0.0,0.0
12,80,9,700.0,7.077114481119866,0.0,0.0
12,80,9,800.0,7.1785918214176085,0.0,0.0
12,80,9,900.0,7.28827095096611,0.0,0.0
12,80,9,1000.0,7.236494664241562,0.0,0.0
12,80,9,1100.0,7.2400550472470036,0.0,0.0
12,80,9,1200.0,7.310996745869358,0.0,0.0
12,80,9,1300.0,7.303896837414992,0.0,0.0
12,80,9,1400.0,7.33762322866798,0.0,0.0
12,80,9,1500.0,7.373026652057483,0.0,0.0
12,80,9,1600.0,7.446707665601103,0.0,0.0
12,80,9,1700.0,7.510344327895954,0.0,0.0
12,80,9,1800.0,7.4984586319293385,0.0,0.0
12,80,9,1900.0,7.474830523731598,0.0,0.0
12,80,9,2000.0,7.518482713928149,0.0,0.0
12,80,9,2100.0,7.55353645947228,0.0,0.0
12,80,9,2200.0,7.543650686325119,0.0,0.0
12,80,9,2300.0,7.549819633262988,0.0,0.0
12,80,9,2400.0,7.522956515337705,0.0,0.0
12,80,9,2500.0,7.507021931374497,0.0,0.0
12,80,9,2600.0,7.509081069208007,0.0,0.0
12,80,9,2700.0,7.498326540019066,0.0,0.0
12,80,9,2800.0,7.531507120164305,0.0,0.0
12,80,9,2900.0,7.542536326867274,0.0,0.0
12,80,9,3000.0,7.559646721881686,0.0,0.0
12,80,9,3100.0,7.563607410033862,0.0,0.0
12,80,9,3200.0,7.55826407508661,0.0,0.0
12,80,9,3300.0,7.5490130829117135,0.0,0.0
12,80,9,3400.0,7.557397961167555,0.0,0.0
12,80,9,3500.0,7.522915924341402,0.0,0.0
12,80,9,3600.0,7.499005510789083,0.0,0.0
12,80,9,3700.0,7.492236459539392,0.0,0.0
12,80,9,3800.0,7.4932864949328115,0.0,0.0
12,80,9,3900.0,7.49061679593347,0.0,0.0
12,80,9,4000.0,7.494792686901219,0.0,0.0
12,80,9,4100.0,7.485025859930665,0.0,0.0
12,80,9,4200.0,7.479204666247326,0.0,0.0
12,80,9,4300.0,7.488250068067983,0.0,0.0
12,80,9,4400.0,7.507707118232541,0.0,0.0
12,80,9,4500.0,7.523051492955838,0.0,0.0
12,80,9,4600.0,7.524323952769662,0.0,0.0
12,80,9,4700.0,7.541865347090561,0.0,0.0
12,80,9,4800.0,7.5405627999339115,0.0,0.0
12,80,9,4900.0,7.551177984655932,0.0,0.0
12,80,9,5000.0,7.56536432980993,0.0,0.0
12,80,12,0.0,0.0,0.0,0.0
12,80,12,100.0,4.268170270924892,0.0,0.0
12,80,12,200.0,5.312058949411331,0.0,0.0
12,80,12,300.0,5.910735220287126,0.0,0.0
12,80,12,400.0,6.479887777424705,0.0,0.0
12,80,12,500.0,7.04468667872901,0.0,0.0
12,80,12,600.0,7.247105938226147,0.0,0.0
12,80,12,700.0,7.323992565816301,0.0,0.0
12,80,12,800.0,7.389472672565643,0.0,0.0
12,80,12,900.0,7.338507451162708,0.0,0.0
12,80,12,1000.0,7.333569299428937,0.0,0.0
12,80,12,1100.0,7.337198971067227,0.0,0.0
12,80,12,1200.0,7.334149769900957,0.0,0.0
12,80,12,1300.0,7.330403480470914,0.0,0.0
12,80,12,1400.0,7.382236451051705,0.0,0.0
12,80,12,1500.0,7.445048076697406,0.0,0.0
12,80,12,1600.0,7.443872221543553,0.0,0.0
12,80,12,1700.0,7.416910886016462,0.0,0.0
12,80,12,1800.0,7.436936698811779,0.0,0.0
12,80,12,1900.0,7.396178563227098,0.0,0.0
12,80,12,2000.0,7.471208544821877,0.0,0.0
12,80,12,2100.0,7.656652336841002,0.0,0.0
12,80,12,2200.0,7.7380528654156215,0.0,0.0
12,80,12,2300.0,7.773043907625756,0.0,0.0
12,80,12,2400.0,7.827840370677467,0.0,0.0
12,80,12,2500.0,7.84156502189259,0.0,0.0
12,80,12,2600.0,7.841021476724935,0.0,0.0
12,80,12,2700.0,7.825594592558309,0.0,0.0
12,80,12,2800.0,7.8047890151781445,0.0,0.0
12,80,12,2900.0,7.781885770793375,0.0,0.0
12,80,12,3000.0,7.8032999664642935,0.0,0.0
12,80,12,3100.0,7.819690233003146,0.0,0.0
12,80,12,3200.0,7.843019631220727,0.0,0.0
12,80,12,3300.0,7.826031122082909,0.0,0.0
12,80,12,3400.0,7.801968439074938,0.0,0.0
12,80,12,3500.0,7.7555546484842655,0.0,0.0
12,80,12,3600.0,7.725945068215802,0.0,0.0
12,80,12,3700.0,7.705336801280941,0.0,0.0
12,80,12,3800.0,7.6989089134892,0.0,0.0
12,80,12,3900.0,7.661540112338415,0.0,0.0
12,80,12,4000.0,7.636273386682838,0.0,0.0
12,80,12,4100.0,7.6211134983648225,0.0,0.0
12,80,12,4200.0,7.627332973099694,0.0,0.0
12,80,12,4300.0,7.627093143966509,0.0,0.0
12,80,12,4400.0,7.6297689536286075,0.0,0.0
12,80,12,4500.0,7.632545915163107,0.0,0.0
12,80,12,4600.0,7.619212753307695,0.0,0.0
12,80,12,4700.0,7.604645496091401,0.0,0.0
12,80,12,4800.0,7.598627224689419,0.0,0.0
12,80,12,4900.0,7.604551599903532,0.0,0.0
12,80,12,5000.0,7.710285518271242,0.0,0.0
13,80,3,0.0,0.0,0.0,0.0
13,80,3,100.0,0.38863863169728313,0.0,0.0
13,80,3,200.0,0.7596373638880627,0.0,0.0
13,80,3,300.0,0.6812998215145215,0.0,0.0
13,80,3,400.0,0.6192350136927608,0.0,0.0
13,80,3,500.0,0.6413888226639488,0.0,0.0
13,80,3,600.0,0.5958087848580883,0.0,0.0
13,80,3,700.0,0.5504962582917658,0.0,0.0
13,80,3,800.0,0.5334409606831629,0.0,0.0
13,80,3,900.0,0.5256129109662778,0.0,0.0
13,80,3,1000.0,0.5186963430840401,0.0,0.0
13,80,3,1100.0,0.5144997494407546,0.0,0.0
13,80,3,1200.0,0.4855709914395188,0.0,0.0
13,80,3,1300.0,0.4763652028908121,0.0,0.0
13,80,3,1400.0,0.46040725198356847,0.0,0.0
13,80,3,1500.0,0.4528270567474416,0.0,0.0
13,80,3,1600.0,0.44320655877407356,0.0,0.0
13,80,3,1700.0,0.4431599913252986,0.0,0.0
13,80,3,1800.0,0.43850605260205056,0.0,0.0
13,80,3,1900.0,0.4334796543293295,0.0,0.0
13,80,3,2000.0,0.45513283291717116,0.0,0.0
13,80,3,2100.0,0.4653360586246186,0.0,0.0
13,80,3,2200.0,0.458677808698119,0.0,0.0
13,80,3,2300.0,0.45170607378872507,0.0,0.0
13,80,3,2400.0,0.46875015314820573,0.0,0.0
13,80,3,2500.0,0.4665015823458699,0.0,0.0
13,80,3,2600.0,0.4769413173336144,0.0,0.0
13,80,3,2700.0,0.46746709056016,0.0,0.0
13,80,3,2800.0,0.4658672539573292,0.0,0.0
13,80,3,2900.0,0.4573662879793985,0.0,0.0
13,80,3,3000.0,0.4702852632477977,0.0,0.0
13,80,3,3100.0,0.4663758014522025,0.0,0.0
13,80,3,3200.0,0.4639933156922421,0.0,0.0
13,80,3,3300.0,0.46286773061664693,0.0,0.0
13,80,3,3400.0,0.5005119363291958,0.0,0.0
13,80,3,3500.0,0.5055967824462104,0.0,0.0
13,80,3,3600.0,0.5016917745067299,0.0,0.0
13,80,3,3700.0,0.4962291772451423,0.0,0.0
13,80,3,3800.0,0.4947533635340385,0.0,0.0
13,80,3,3900.0,0.49216717565828505,0.0,0.0
13,80,3,4000.0,0.49212121182216745,0.0,0.0
13,80,3,4100.0,0.4862449674589504,0.0,0.0
13,80,3,4200.0,0.483810051776658,0.0,0.0
13,80,3,4300.0,0.48513432635453985,0.0,0.0
13,80,3,4400.0,0.4798390973828915,0.0,0.0
13,80,3,4500.0,0.4754557703248463,0.0,0.0
13,80,3,4600.0,0.47154076759097574,0.0,0.0
13,80,3,4700.0,0.4683965186400428,0.0,0.0
13,80,3,4800.0,0.46791902608206276,0.0,0.0
13,80,3,4900.0,0.47358305750264934,0.0,0.0
13,80,3,5000.0,0.47249590567178545,0.0,0.0
13,80,6,0.0,0.0,0.0,0.0
13,80,6,100.0,2.180239849302169,0.0,0.0
13,80,6,200.0,4.001189550214841,0.0,0.0
13,80,6,300.0,4.669129403346219,0.0,0.0
13,80,6,400.0,4.460695578873422,0.0,0.0
13,80,6,500.0,3.833812320915934,0.0,0.0
13,80,6,600.0,3.5404292501392822,0.0,0.0
13,80,6,700.0,3.3036682232498364,0.0,0.0
13,80,6,800.0,3.048800172290865,0.0,0.0
13,80,6,900.0,2.946238957628684,0.0,0.0
13,80,6,1000.0,2.998697565093177,0.0,0.0
13,80,6,1100.0,3.2621871958703577,0.0,0.0
13,80,6,1200.0,3.5881773611587673,0.0,0.0
13,80,6,1300.0,3.8795570782655053,0.0,0.0
13,80,6,1400.0,4.230578563046916,0.0,0.0
13,80,6,1500.0,4.526766468983056,0.0,0.0
13,80,6,1600.0,4.742694735489555,0.0,0.0
13,80,6,1700.0,4.804804554872852,0.0,0.0
13,80,6,1800.0,4.868227763192916,0.0,0.0
13,80,6,1900.0,4.879446903990789,0.0,0.0
13,80,6,2000.0,4.973457111644945,0.0,0.0
13,80,6,2100.0,5.015665339076485,0.0,0.0
13,80,6,2200.0,5.008684993523695,0.0,0.0
13,80,6,2300.0,4.844526811328973,0.0,0.0
13,80,6,2400.0,4.6961954823674805,0.0,0.0
13,80,6,2500.0,4.661605812629841,0.0,0.0
13,80,6,2600.0,4.734177720218782,0.0,0.0
13,80,6,2700.0,4.775821487042853,0.0,0.0
13,80,6,2800.0,4.826631940990828,0.0,0.0
13,80,6,2900.0,4.9350988412293395,0.0,0.0
13,80,6,3000.0,4.999290263925731,0.0,0.0
13,80,6,3100.0,4.983701362518691,0.0,0.0
13,80,6,3200.0,4.883080547128551,0.0,0.0
13,80,6,3300.0,4.778194784755202,0.0,0.0
13,80,6,3400.0,4.8155007428236765,0.0,0.0
13,80,6,3500.0,4.728372052673192,0.0,0.0
13,80,6,3600.0,4.659598006311669,0.0,0.0
13,80,6,3700.0,4.5523507153676315,0.0,0.0
13,80,6,3800.0,4.601970005131846,0.0,0.0
13,80,6,3900.0,4.632392528037072,0.0,0.0
13,80,6,4000.0,4.6997161995807435,0.0,0.0
13,80,6,4100.0,4.7081852934729005,0.0,0.0
13,80,6,4200.0,4.759547720646763,0.0,0.0
13,80,6,4300.0,4.810980129200798,0.0,0.0
13,80,6,4400.0,4.828112554480217,0.0,0.0
13,80,6,4500.0,4.821149205016038,0.0,0.0
13,80,6,4600.0,4.762014037817157,0.0,0.0
13,80,6,4700.0,4.686613880181737,0.0,0.0
13,80,6,4800.0,4.625624177597492,0.0,0.0
13,80,6,4900.0,4.637639547571452,0.0,0.0
13,80,6,5000.0,4.6468174331917735,0.0,0.0
13,80,9,0.0,0.0,0.0,0.0
13,80,9,100.0,5.092885033563643,0.0,0.0
13,80,9,200.0,6.221197731176253,0.0,0.0
13,80,9,300.0,6.760702395896263,0.0,0.0
13,80,9,400.0,6.91822135533075,0.0,0.0
13,80,9,500.0,7.187506915084701,0.0,0.0
13,80,9,600.0,7.069530027764719,0.0,0.0
13,80,9,700.0,7.079210462049289,0.0,0.0
13,80,9,800.0,7.136267682520918,0.0,0.0
13,80,9,900.0,7.173274398058669,0.0,0.0
13,80,9,1000.0,7.154122416884833,0.0,0.0
13,80,9,1100.0,7.321781466875233,0.0,0.0
13,80,9,1200.0,7.394715381197469,0.0,0.0
13,80,9,1300.0,7.422523233767445,0.0,0.0
13,80,9,1400.0,7.46715527469482,0.0,0.0
13,80,9,1500.0,7.5538718496283925,0.0,0.0
13,80,9,1600.0,7.563178600044767,0.0,0.0
13,80,9,1700.0,7.5806102319003505,0.0,0.0
13,80,9,1800.0,7.596205501429338,0.0,0.0
13,80,9,1900.0,7.593121038036787,0.0,0.0
13,80,9,2000.0,7.641065158243548,0.0,0.0
13,80,9,2100.0,7.622244792605914,0.0,0.0
13,80,9,2200.0,7.563508538839086,0.0,0.0
13,80,9,2300.0,7.536519134664092,0.0,0.0
13,80,9,2400.0,7.610907709424631,0.0,0.0
13,80,9,2500.0,7.58805670219798,0.0,0.0
13,80,9,2600.0,7.6234117221823805,0.0,0.0
13,80,9,2700.0,7.6096767441609305,0.0,0.0
13,80,9,2800.0,7.623615793054952,0.0,0.0
13,80,9,2900.0,7.645162622465096,0.0,0.0
13,80,9,3000.0,7.660663881883145,0.0,0.0
13,80,9,3100.0,7.646961370622434,0.0,0.0
13,80,9,3200.0,7.62109734027899,0.0,0.0
13,80,9,3300.0,7.617251127348769,0.0,0.0
13,80,9,3400.0,7.582848224993493,0.0,0.0
13,80,9,3500.0,7.556766421491203,0.0,0.0
13,80,9,3600.0,7.5501821094554975,0.0,0.0
13,80,9,3700.0,7.583844927122551,0.0,0.0
13,80,9,3800.0,7.6019065081798844,0.0,0.0
13,80,9,3900.0,7.612446306650506,0.0,0.0
13,80,9,4000.0,7.602195018265609,0.0,0.0
13,80,9,4100.0,7.622718370742795,0.0,0.0
13,80,9,4200.0,7.653605839540485,0.0,0.0
13,80,9,4300.0,7.650711731480408,0.0,0.0
13,80,9,4400.0,7.662351363527858,0.0,0.0
13,80,9,4500.0,7.654157901963437,0.0,0.0
13,80,9,4600.0,7.636305056240671,0.0,0.0
13,80,9,4700.0,7.626096811794901,0.0,0.0
13,80,9,4800.0,7.635685260223984,0.0,0.0
13,80,9,4900.0,7.640160031902376,0.0,0.0
13,80,9,5000.0,7.630101921642937,0.0,0.0
13,80,12,0.0,0.0,0.0,0.0
13,80,12,100.0,5.179224583775812,0.0,0.0
13,80,12,200.0,6.251965669091197,0.0,0.0
13,80,12,300.0,6.365993311326683,0.0,0.0
13,80,12,400.0,6.698170652193522,0.0,0.0
13,80,12,500.0,6.8131977145956695,0.0,0.0
13,80,12,600.0,6.8103214704764525,0.0,0.0
13,80,12,700.0,6.975876073373667,0.0,0.0
13,80,12,800.0,7.233445500397696,0.0,0.0
13,80,12,900.0,7.247553690658529,0.0,0.0
13,80,12,1000.0,7.218876332171448,0.0,0.0
13,80,12,1100.0,7.225803169553292,0.0,0.0
13,80,12,1200.0,7.2794563929067495,0.0,0.0
13,80,12,1300.0,7.375386180059087,0.0,0.0
13,80,12,1400.0,7.364596604412198,0.0,0.0
13,80,12,1500.0,7.369137741555929,0.0,0.0
13,80,12,1600.0,7.460018174905496,0.0,0.0
13,80,12,1700.0,7.560413549501519,0.0,0.0
13,80,12,1800.0,7.740615338820347,0.0,0.0
13,80,12,1900.0,8.003729070171952,0.0,0.0
13,80,12,2000.0,8.154679054549117,0.0,0.0
13,80,12,2100.0,8.306601514527523,0.0,0.0
13,80,12,2200.0,8.439472302818178,0.0,0.0
13,80,12,2300.0,8.548455957670518,0.0,0.0
13,80,12,2400.0,8.762520381766617,0.0,0.0
13,80,12,2500.0,8.996982635346354,0.0,0.0
13,80,12,2600.0,9.507633655608256,0.0,0.0
13,80,12,2700.0,10.033536102575432,0.0,0.0
13,80,12,2800.0,10.341061194767951,0.0,0.0
13,80,12,2900.0,10.543356876859159,0.0,0.0
13,80,12,3000.0,10.74550158647822,0.0,0.0
13,80,12,3100.0,10.919778334402451,0.0,0.0
13,80,12,3200.0,11.147509032472632,0.0,0.0
13,80,12,3300.0,11.304355592987315,0.0,0.0
13,80,12,3400.0,11.37931355960969,0.0,0.0
13,80,12,3500.0,11.476307474436013,0.0,0.0
13,80,12,3600.0,11.613889610064668,0.0,0.0
13,80,12,3700.0,11.703323969856768,0.0,0.0
13,80,12,3800.0,11.78747950298636,0.0,0.0
13,80,12,3900.0,11.931035524033694,0.0,0.0
13,80,12,4000.0,12.034893774586946,0.0,0.0
13,80,12,4100.0,12.18440251236822,0.0,0.0
13,80,12,4200.0,12.30271444617284,0.0,0.0
13,80,12,4300.0,12.357304638948268,0.0,0.0
13,80,12,4400.0,12.477087945032515,0.0,0.0
13,80,12,4500.0,12.575424991448523,0.0,0.0
13,80,12,4600.0,12.66063477270945,0.0,0.0
13,80,12,4700.0,12.826740511616505,0.0,0.0
13,80,12,4800.0,12.978929340528907,0.0,0.0
13,80,12,4900.0,13.051727992323627,0.0,0.0
13,80,12,5000.0,13.094200774993919,0.0,0.0
14,80,3,0.0,0.0,0.0,0.0
14,80,3,100.0,1.4797136908947979,0.0,0.0
14,80,3,200.0,1.1113239721280652,0.0,0.0
14,80,3,300.0,0.9840633755830726,0.0,0.0
14,80,3,400.0,0.9640226473021672,0.0,0.0
14,80,3,500.0,0.8155036311872316,0.0,0.0
14,80,3,600.0,0.7613779623962479,0.0,0.0
14,80,3,700.0,0.721476041446278,0.0,0.0
14,80,3,800.0,0.6444123807813734,0.0,0.0
14,80,3,900.0,0.6097834310647982,0.0,0.0
14,80,3,1000.0,0.5882290531551203,0.0,0.0
14,80,3,1100.0,0.5967167235576454,0.0,0.0
14,80,3,1200.0,0.5642497369243112,0.0,0.0
14,80,3,1300.0,0.549971636970746,0.0,0.0
14,80,3,1400.0,0.5412023057497023,0.0,0.0
14,80,3,1500.0,0.5255478105942882,0.0,0.0
14,80,3,1600.0,0.5088804236714695,0.0,0.0
14,80,3,1700.0,0.5081660705120171,0.0,0.0
14,80,3,1800.0,0.49775830307808844,0.0,0.0
14,80,3,1900.0,0.49168694957050035,0.0,0.0
14,80,3,2000.0,0.4944328166698247,0.0,0.0
14,80,3,2100.0,0.5105946184090259,0.0,0.0
14,80,3,2200.0,0.502217113810689,0.0,0.0
14,80,3,2300.0,0.5011292169781617,0.0,0.0
14,80,3,2400.0,0.503008193917169,0.0,0.0
14,80,3,2500.0,0.5060547706304476,0.0,0.0
14,80,3,2600.0,0.5028652785877517,0.0,0.0
14,80,3,2700.0,0.49553550498645516,0.0,0.0
14,80,3,2800.0,0.49694058698358257,0.0,0.0
14,80,3,2900.0,0.5043943715041659,0.0,0.0
14,80,3,3000.0,0.5050806139366592,0.0,0.0
14,80,3,3100.0,0.5011122931566926,0.0,0.0
14,80,3,3200.0,0.49609000368024403,0.0,0.0
14,80,3,3300.0,0.48858401852360595,0.0,0.0
14,80,3,3400.0,0.48290248888276127,0.0,0.0
14,80,3,3500.0,0.47807699934215836,0.0,0.0
14,80,3,3600.0,0.4721213752799271,0.0,0.0
14,80,3,3700.0,0.4750552248268479,0.0,0.0
14,80,3,3800.0,0.4727201953074027,0.0,0.0
14,80,3,3900.0,0.4688937219734511,0.0,0.0
14,80,3,4000.0,0.4651810908985526,0.0,0.0
14,80,3,4100.0,0.46283984669099304,0.0,0.0
14,80,3,4200.0,0.47024050757553665,0.0,0.0
14,80,3,4300.0,0.46423262009988975,0.0,0.0
14,80,3,4400.0,0.46092443958428353,0.0,0.0
14,80,3,4500.0,0.46359696894734836,0.0,0.0
14,80,3,4600.0,0.4672794045420805,0.0,0.0
14,80,3,4700.0,0.4628906513730973,0.0,0.0
14,80,3,4800.0,0.4645364882459329,0.0,0.0
14,80,3,4900.0,0.4605277752891938,0.0,0.0
14,80,3,5000.0,0.45923464418318327,0.0,0.0
14,80,6,0.0,0.0,0.0,0.0
14,80,6,100.0,4.211638171240094,0.0,0.0
14,80,6,200.0,5.567504641572148,0.0,0.0
14,80,6,300.0,6.602245793853531,0.0,0.0
14,80,6,400.0,6.938155519932395,0.0,0.0
14,80,6,500.0,7.072998619302236,0.0,0.0
14,80,6,600.0,7.120804138690129,0.0,0.0
14,80,6,700.0,7.180284624611024,0.0,0.0
14,80,6,800.0,6.945262083697393,0.0,0.0
14,80,6,900.0,6.384663660621357,0.0,0.0
14,80,6,1000.0,5.947764523038482,0.0,0.0
14,80,6,1100.0,5.7256762510587045,0.0,0.0
14,80,6,1200.0,5.537179053647932,0.0,0.0
14,80,6,1300.0,5.344639842458719,0.0,0.0
14,80,6,1400.0,4.9911713403810785,0.0,0.0
14,80,6,1500.0,4.823607476525373,0.0,0.0
14,80,6,1600.0,4.796286408070684,0.0,0.0
14,80,6,1700.0,4.618286990698182,0.0,0.0
14,80,6,1800.0,4.420092586430679,0.0,0.0
14,80,6,1900.0,4.247057947364742,0.0,0.0
14,80,6,2000.0,4.314587971106885,0.0,0.0
14,80,6,2100.0,4.316941612071332,0.0,0.0
14,80,6,2200.0,4.288217167083159,0.0,0.0
14,80,6,2300.0,4.224651787957138,0.0,0.0
14,80,6,2400.0,4.13111693101865,0.0,0.0
14,80,6,2500.0,4.032454597234362,0.0,0.0
14,80,6,2600.0,3.9400343297872094,0.0,0.0
14,80,6,2700.0,3.8907449064310553,0.0,0.0
14,80,6,2800.0,3.88083790223198,0.0,0.0
14,80,6,2900.0,3.8232659362838737,0.0,0.0
14,80,6,3000.0,3.7518663969672335,0.0,0.0
14,80,6,3100.0,3.6719819810079377,0.0,0.0
14,80,6,3200.0,3.587748870038513,0.0,0.0
14,80,6,3300.0,3.507330051788115,0.0,0.0
14,80,6,3400.0,3.4265145676054063,0.0,0.0
14,80,6,3500.0,3.365554321953481,0.0,0.0
14,80,6,3600.0,3.4647955093756404,0.0,0.0
14,80,6,3700.0,3.4652729830747795,0.0,0.0
14,80,6,3800.0,3.5074615570194316,0.0,0.0
14,80,6,3900.0,3.510556609993732,0.0,0.0
14,80,6,4000.0,3.466394509767028,0.0,0.0
14,80,6,4100.0,3.4023586109587045,0.0,0.0
14,80,6,4200.0,3.3857799217679525,0.0,0.0
14,80,6,4300.0,3.3877479948174343,0.0,0.0
14,80,6,4400.0,3.348897679249333,0.0,0.0
14,80,6,4500.0,3.3294241220118765,0.0,0.0
14,80,6,4600.0,3.3118855344829625,0.0,0.0
14,80,6,4700.0,3.2900902322018104,0.0,0.0
14,80,6,4800.0,3.2755494975658315,0.0,0.0
14,80,6,4900.0,3.3376776839679847,0.0,0.0
14,80,6,5000.0,3.405117287182372,0.0,0.0
14,80,9,0.0,0.0,0.0,0.0
14,80,9,100.0,6.566626969600613,0.0,0.0
14,80,9,200.0,6.962696903412771,0.0,0.0
14,80,9,300.0,7.277277056346564,0.0,0.0
14,80,9,400.0,7.308100828734729,0.0,0.0
14,80,9,500.0,7.448563998981902,0.0,0.0
14,80,9,600.0,7.624634285688461,0.0,0.0
14,80,9,700.0,7.660414794537557,0.0,0.0
14,80,9,800.0,7.746966725327033,0.0,0.0
14,80,9,900.0,7.773555235549779,0.0,0.0
14,80,9,1000.0,7.710090568116724,0.0,0.0
14,80,9,1100.0,7.713000748159533,0.0,0.0
14,80,9,1200.0,7.784602181831305,0.0,0.0
14,80,9,1300.0,7.751137475764242,0.0,0.0
14,80,9,1400.0,7.817913439160033,0.0,0.0
14,80,9,1500.0,7.816779827958682,0.0,0.0
14,80,9,1600.0,7.7900767054090405,0.0,0.0
14,80,9,1700.0,7.764963475608181,0.0,0.0
14,80,9,1800.0,7.711898376568021,0.0,0.0
14,80,9,1900.0,7.700130155962004,0.0,0.0
14,80,9,2000.0,7.681069976567025,0.0,0.0
14,80,9,2100.0,7.677116687084258,0.0,0.0
14,80,9,2200.0,7.676391499339822,0.0,0.0
14,80,9,2300.0,7.669119651596504,0.0,0.0
14,80,9,2400.0,7.639989020729075,0.0,0.0
14,80,9,2500.0,7.645714466684088,0.0,0.0
14,80,9,2600.0,7.63359000813234,0.0,0.0
14,80,9,2700.0,7.63460262064574,0.0,0.0
14,80,9,2800.0,7.642929085451281,0.0,0.0
14,80,9,2900.0,7.647035239077643,0.0,0.0
14,80,9,3000.0,7.623774936593104,0.0,0.0
14,80,9,3100.0,7.561731725192325,0.0,0.0
14,80,9,3200.0,7.51702859796352,0.0,0.0
14,80,9,3300.0,7.506579401245824,0.0,0.0
14,80,9,3400.0,7.482654192255358,0.0,0.0
14,80,9,3500.0,7.478474061972297,0.0,0.0
14,80,9,3600.0,7.484302406963087,0.0,0.0
14,80,9,3700.0,7.469927005828469,0.0,0.0
14,80,9,3800.0,7.47244848469783,0.0,0.0
14,80,9,3900.0,7.494007633163065,0.0,0.0
14,80,9,4000.0,7.510538456185599,0.0,0.0
14,80,9,4100.0,7.533370188238556,0.0,0.0
14,80,9,4200.0,7.5516546912002065,0.0,0.0
14,80,9,4300.0,7.55993733053822,0.0,0.0
14,80,9,4400.0,7.583852142765309,0.0,0.0
14,80,9,4500.0,7.62027867045571,0.0,0.0
14,80,9,4600.0,7.626793500076344,0.0,0.0
14,80,9,4700.0,7.623509076441358,0.0,0.0
14,80,9,4800.0,7.595857778444952,0.0,0.0
14,80,9,4900.0,7.610565546819478,0.0,0.0
14,80,9,5000.0,7.623363220364367,0.0,0.0
14,80,12,0.0,0.0,0.0,0.0
14,80,12,100.0,5.869428118032243,0.0,0.0
14,80,12,200.0,6.28206684287216,0.0,0.0
14,80,12,300.0,6.676899271069059,0.0,0.0
14,80,12,400.0,7.032494253691801,0.0,0.0
14,80,12,500.0,7.083890053705459,0.0,0.0
14,80,12,600.0,7.128402945624956,0.0,0.0
14,80,12,700.0,7.175177874052845,0.0,0.0
14,80,12,800.0,7.369180714176309,0.0,0.0
14,80,12,900.0,7.585477845246628,0.0,0.0
14,80,12,1000.0,7.660415296154013,0.0,0.0
14,80,12,1100.0,7.728361376627921,0.0,0.0
14,80,12,1200.0,7.820629681155172,0.0,0.0
14,80,12,1300.0,7.754582572749817,0.0,0.0
14,80,12,1400.0,7.690570196690753,0.0,0.0
14,80,12,1500.0,7.636991214293384,0.0,0.0
14,80,12,1600.0,7.608708117768115,0.0,0.0
14,80,12,1700.0,7.556518971624182,0.0,0.0
14,80,12,1800.0,7.574546079514983,0.0,0.0
14,80,12,1900.0,7.532457777911836,0.0,0.0
14,80,12,2000.0,7.518818578148198,0.0,0.0
14,80,12,2100.0,7.473291092046216,0.0,0.0
14,80,12,2200.0,7.470609201574032,0.0,0.0
14,80,12,2300.0,7.467251855146779,0.0,0.0
14,80,12,2400.0,7.413533394903032,0.0,0.0
14,80,12,2500.0,7.423072612773293,0.0,0.0
14,80,12,2600.0,7.5892721474388605,0.0,0.0
14,80,12,2700.0,7.745708336000123,0.0,0.0
14,80,12,2800.0,7.917472494187844,0.0,0.0
14,80,12,2900.0,8.078818010434613,0.0,0.0
14,80,12,3000.0,8.227712815084786,0.0,0.0
14,80,12,3100.0,8.278227729698905,0.0,0.0
14,80,12,3200.0,8.275670258474522,0.0,0.0
14,80,12,3300.0,8.283979283663424,0.0,0.0
14,80,12,3400.0,8.28134876292185,0.0,0.0
14,80,12,3500.0,8.224483862919055,0.0,0.0
14,80,12,3600.0,8.16188364170845,0.0,0.0
14,80,12,3700.0,8.150065323544162,0.0,0.0
14,80,12,3800.0,8.117176644816892,0.0,0.0
14,80,12,3900.0,8.081989149814454,0.0,0.0
14,80,12,4000.0,8.03344919932926,0.0,0.0
14,80,12,4100.0,8.028954685484168,0.0,0.0
14,80,12,4200.0,8.02857308980378,0.0,0.0
14,80,12,4300.0,8.084024487351881,0.0,0.0
14,80,12,4400.0,8.191735716634883,0.0,0.0
14,80,12,4500.0,8.267975915288938,0.0,0.0
14,80,12,4600.0,8.349960146673105,0.0,0.0
14,80,12,4700.0,8.440591254635644,0.0,0.0
14,80,12,4800.0,8.505716032026385,0.0,0.0
14,80,12,4900.0,8.572219407118498,0.0,0.0
14,80,12,5000.0,8.663799630567507,0.0,0.0
